{"episode_duration": 18, "_timestamp": 1712154016.2234612, "_runtime": 1207.7080750465393, "_step": 599, "gradients/layer3.bias": {"_type": "histogram", "values": [1.0, 0.0, 0.0, 0.0, 0.0, 0.0, 0.0, 0.0, 0.0, 0.0, 0.0, 0.0, 0.0, 0.0, 0.0, 0.0, 0.0, 0.0, 0.0, 0.0, 0.0, 0.0, 0.0, 0.0, 0.0, 0.0, 0.0, 0.0, 0.0, 0.0, 0.0, 0.0, 0.0, 0.0, 0.0, 0.0, 0.0, 0.0, 0.0, 0.0, 0.0, 0.0, 0.0, 0.0, 0.0, 0.0, 0.0, 0.0, 0.0, 0.0, 0.0, 0.0, 0.0, 0.0, 0.0, 0.0, 0.0, 0.0, 0.0, 0.0, 0.0, 0.0, 0.0, 1.0], "bins": [-0.0019393337424844503, -0.0018874206580221653, -0.0018355075735598803, -0.001783594605512917, -0.001731681521050632, -0.001679768436588347, -0.0016278554685413837, -0.0015759423840790987, -0.0015240292996168137, -0.0014721162151545286, -0.0014202031306922436, -0.0013682901626452804, -0.0013163770781829953, -0.0012644639937207103, -0.001212551025673747, -0.001160637941211462, -0.001108724856749177, -0.001056811772286892, -0.001004898687824607, -0.0009529857197776437, -0.0009010726353153586, -0.0008491595508530736, -0.0007972465828061104, -0.0007453334983438253, -0.0006934204138815403, -0.0006415073294192553, -0.0005895942449569702, -0.000537681276910007, -0.00048576819244772196, -0.0004338551079854369, -0.0003819421399384737, -0.00033002905547618866, -0.0002781159710139036, -0.00022620288655161858, -0.00017428980208933353, -0.00012237683404237032, -7.046374958008528e-05, -1.8550665117800236e-05, 3.336230292916298e-05, 8.527538739144802e-05, 0.00013718847185373306, 0.0001891015563160181, 0.00024101464077830315, 0.00029292760882526636, 0.0003448406932875514, 0.00039675377774983644, 0.0004486668040044606, 0.0005005798302590847, 0.0005524929147213697, 0.0006044059991836548, 0.0006563190254382789, 0.000708232051692903, 0.0007601451361551881, 0.0008120582206174731, 0.0008639712468720973, 0.0009158842731267214, 0.0009677973575890064, 0.0010197104420512915, 0.0010716235265135765, 0.0011235364945605397, 0.0011754495790228248, 0.0012273626634851098, 0.001279275631532073, 0.001331188715994358, 0.001383101800456643]}, "gradients/layer3.weight": {"_type": "histogram", "values": [1.0, 0.0, 0.0, 1.0, 0.0, 1.0, 0.0, 0.0, 0.0, 0.0, 0.0, 1.0, 1.0, 0.0, 0.0, 0.0, 2.0, 0.0, 0.0, 3.0, 2.0, 1.0, 3.0, 2.0, 5.0, 5.0, 3.0, 6.0, 9.0, 6.0, 36.0, 10.0, 12.0, 12.0, 13.0, 13.0, 12.0, 14.0, 10.0, 6.0, 13.0, 11.0, 4.0, 10.0, 5.0, 3.0, 7.0, 2.0, 3.0, 0.0, 2.0, 1.0, 0.0, 0.0, 1.0, 0.0, 2.0, 1.0, 0.0, 0.0, 0.0, 0.0, 0.0, 1.0], "bins": [-0.0030699362978339195, -0.002968100132420659, -0.0028662639670073986, -0.002764427801594138, -0.0026625916361808777, -0.0025607552379369736, -0.002458919072523713, -0.0023570829071104527, -0.002255246741697192, -0.0021534105762839317, -0.0020515744108706713, -0.001949738129042089, -0.0018479019636288285, -0.001746065798215568, -0.0016442295163869858, -0.0015423933509737253, -0.0014405571855604649, -0.0013387210201472044, -0.001236884854733944, -0.0011350485729053617, -0.001033212523907423, -0.0009313761256635189, -0.0008295399602502584, -0.000727703794836998, -0.0006258676294237375, -0.0005240314640104771, -0.0004221952985972166, -0.00032035913318395615, -0.00021852273494005203, -0.00011668656952679157, -1.4850404113531113e-05, 8.698576129972935e-05, 0.00018882215954363346, 0.0002906583249568939, 0.0003924944903701544, 0.0004943306557834148, 0.0005961668211966753, 0.0006980032194405794, 0.0007998393848538399, 0.0009016755502671003, 0.0010035117156803608, 0.0011053478810936213, 0.0012071840465068817, 0.0013090202119201422, 0.0014108566101640463, 0.001512692659161985, 0.0016145289409905672, 0.0017163651064038277, 0.0018182012718170881, 0.0019200374372303486, 0.002021873602643609, 0.0021237097680568695, 0.0022255461663007736, 0.0023273820988833904, 0.0024292184971272945, 0.002531054662540555, 0.0026328908279538155, 0.002734726993367076, 0.0028365631587803364, 0.0029383995570242405, 0.0030402354896068573, 0.0031420718878507614, 0.003243908053264022, 0.0033457442186772823, 0.003447580384090543]}, "gradients/lif2.beta": {"_type": "histogram", "values": [1.0, 0.0, 0.0, 0.0, 0.0, 0.0, 0.0, 1.0, 0.0, 0.0, 0.0, 2.0, 0.0, 1.0, 3.0, 1.0, 2.0, 3.0, 3.0, 10.0, 35.0, 14.0, 9.0, 11.0, 10.0, 1.0, 4.0, 3.0, 4.0, 1.0, 0.0, 2.0, 1.0, 1.0, 0.0, 0.0, 1.0, 0.0, 1.0, 1.0, 0.0, 0.0, 0.0, 0.0, 0.0, 1.0, 0.0, 0.0, 0.0, 0.0, 0.0, 0.0, 0.0, 0.0, 0.0, 0.0, 0.0, 0.0, 0.0, 0.0, 0.0, 0.0, 0.0, 1.0], "bins": [-0.002595983212813735, -0.0024706670083105564, -0.002345350570976734, -0.0022200343664735556, -0.002094718161970377, -0.0019694019574671984, -0.001844085636548698, -0.0017187693156301975, -0.001593453111127019, -0.0014681369066238403, -0.00134282058570534, -0.0012175042647868395, -0.0010921880602836609, -0.0009668718557804823, -0.0008415555348619819, -0.0007162392139434814, -0.0005909230094403028, -0.00046560680493712425, -0.00034029060043394566, -0.0002149741631001234, -8.965795859694481e-05, 3.565824590623379e-05, 0.00016097468324005604, 0.00028629088774323463, 0.00041160709224641323, 0.0005369232967495918, 0.0006622395012527704, 0.0007875559385865927, 0.0009128721430897713, 0.0010381883475929499, 0.0011635047849267721, 0.0012888209894299507, 0.0014141369611024857, 0.0015394531656056643, 0.0016647693701088428, 0.001790085807442665, 0.0019154020119458437, 0.0020407182164490223, 0.0021660346537828445, 0.002291350858286023, 0.0024166670627892017, 0.0025419832672923803, 0.002667299471795559, 0.002792615909129381, 0.0029179321136325598, 0.0030432483181357384, 0.0031685647554695606, 0.0032938809599727392, 0.003419197164475918, 0.0035445133689790964, 0.003669829573482275, 0.0037951460108160973, 0.003920461982488632, 0.0040457784198224545, 0.004171094857156277, 0.004296410828828812, 0.004421727266162634, 0.004547043703496456, 0.004672359675168991, 0.004797676112502813, 0.004922992549836636, 0.0050483085215091705, 0.005173624958842993, 0.005298940930515528, 0.00542425736784935]}, "gradients/layer2.bias": {"_type": "histogram", "values": [1.0, 0.0, 0.0, 0.0, 0.0, 1.0, 0.0, 0.0, 1.0, 0.0, 1.0, 0.0, 0.0, 0.0, 0.0, 1.0, 2.0, 2.0, 1.0, 1.0, 2.0, 2.0, 3.0, 3.0, 4.0, 3.0, 9.0, 7.0, 29.0, 7.0, 4.0, 5.0, 5.0, 5.0, 2.0, 2.0, 3.0, 2.0, 5.0, 1.0, 2.0, 4.0, 2.0, 1.0, 0.0, 1.0, 0.0, 0.0, 0.0, 1.0, 0.0, 1.0, 0.0, 0.0, 0.0, 0.0, 0.0, 0.0, 1.0, 0.0, 0.0, 0.0, 0.0, 1.0], "bins": [-0.0018089496297761798, -0.0017462180694565177, -0.0016834865091368556, -0.0016207550652325153, -0.0015580235049128532, -0.0014952919445931911, -0.001432560384273529, -0.001369828823953867, -0.0013070972636342049, -0.0012443657033145428, -0.0011816342594102025, -0.0011189026990905404, -0.0010561711387708783, -0.000993439694866538, -0.000930708076339215, -0.0008679765742272139, -0.0008052450139075518, -0.0007425134535878897, -0.0006797818932682276, -0.0006170504493638873, -0.0005543188890442252, -0.0004915873287245631, -0.00042885576840490103, -0.00036612420808523893, -0.00030339264776557684, -0.00024066120386123657, -0.00017792964354157448, -0.00011519808322191238, -5.246652290225029e-05, 1.0265037417411804e-05, 7.299648132175207e-05, 0.00013572804164141417, 0.00019845948554575443, 0.0002611910458654165, 0.0003239226061850786, 0.0003866540500894189, 0.000449385610409081, 0.0005121171707287431, 0.0005748487310484052, 0.0006375802913680673, 0.0007003117352724075, 0.0007630432955920696, 0.0008257748559117317, 0.0008885064162313938, 0.0009512379765510559, 0.001013969536870718, 0.0010767009807750583, 0.0011394325410947204, 0.0012021641014143825, 0.0012648956617340446, 0.0013276271056383848, 0.001390358665958047, 0.001453090226277709, 0.001515821786597371, 0.0015785533469170332, 0.0016412849072366953, 0.0017040164675563574, 0.0017667479114606977, 0.0018294794717803597, 0.0018922110321000218, 0.001954942476004362, 0.002017674036324024, 0.0020804055966436863, 0.0021431371569633484, 0.0022058687172830105]}, "gradients/layer2.weight": {"_type": "histogram",