{"episode_duration": 32, "_timestamp": 1712257457.075596, "_runtime": 17342.893321037292, "_step": 9901, "mean_duration": 22.15999984741211, "gradients/layer3.weight": {"_type": "histogram", "values": [2.0, 0.0, 0.0, 0.0, 3.0, 1.0, 0.0, 0.0, 2.0, 2.0, 3.0, 4.0, 6.0, 2.0, 5.0, 9.0, 4.0, 4.0, 4.0, 7.0, 7.0, 3.0, 2.0, 7.0, 8.0, 2.0, 4.0, 3.0, 3.0, 14.0, 3.0, 2.0, 11.0, 14.0, 4.0, 5.0, 4.0, 5.0, 5.0, 5.0, 10.0, 3.0, 10.0, 4.0, 4.0, 9.0, 1.0, 0.0, 11.0, 2.0, 3.0, 0.0, 3.0, 4.0, 4.0, 0.0, 3.0, 4.0, 1.0, 1.0, 1.0, 5.0, 1.0, 3.0], "bins": [-0.004770549945533276, -0.004574414808303118, -0.00437827967107296, -0.004182144533842802, -0.003986009396612644, -0.00378987449221313, -0.003593739587813616, -0.003397604450583458, -0.0032014693133533, -0.0030053341761231422, -0.0028091990388929844, -0.00261306413449347, -0.0024169289972633123, -0.0022207938600331545, -0.0020246589556336403, -0.0018285238184034824, -0.0016323886811733246, -0.0014362535439431667, -0.0012401184067130089, -0.0010439835023134947, -0.0008478481322526932, -0.0006517134606838226, -0.0004555783234536648, -0.00025944318622350693, -6.330804899334908e-05, 0.00013282708823680878, 0.00032896222546696663, 0.0005250973626971245, 0.000721232034265995, 0.0009173671714961529, 0.0011135023087263107, 0.0013096374459564686, 0.0015057721175253391, 0.001701907254755497, 0.0018980423919856548, 0.0020941775292158127, 0.0022903126664459705, 0.002486447338014841, 0.002682582475244999, 0.002878717612475157, 0.0030748527497053146, 0.0032709878869354725, 0.0034671230241656303, 0.003663258161395788, 0.0038593928329646587, 0.004055527970194817, 0.0042516631074249744, 0.004447798244655132, 0.00464393338188529, 0.004840068519115448, 0.005036203656345606, 0.005232338793575764, 0.005428473465144634, 0.005624609068036079, 0.00582074373960495, 0.006016878876835108, 0.006213014014065266, 0.0064091491512954235, 0.006605284288525581, 0.006801418960094452, 0.006997554562985897, 0.007193689234554768, 0.0073898243717849255, 0.007585959509015083, 0.007782094646245241]}, "gradients/layer3.bias": {"_type": "histogram", "values": [1.0, 0.0, 0.0, 0.0, 0.0, 0.0, 0.0, 0.0, 0.0, 0.0, 0.0, 0.0, 0.0, 0.0, 0.0, 0.0, 0.0, 0.0, 0.0, 0.0, 0.0, 0.0, 0.0, 0.0, 0.0, 0.0, 0.0, 0.0, 0.0, 0.0, 0.0, 0.0, 0.0, 0.0, 0.0, 0.0, 0.0, 0.0, 0.0, 0.0, 0.0, 0.0, 0.0, 0.0, 0.0, 0.0, 0.0, 0.0, 0.0, 0.0, 0.0, 0.0, 0.0, 0.0, 0.0, 0.0, 0.0, 0.0, 0.0, 0.0, 0.0, 0.0, 0.0, 1.0], "bins": [0.0009820873383432627, 0.001040889066644013, 0.001099690911360085, 0.0011584926396608353, 0.0012172943679615855, 0.0012760962126776576, 0.0013348979409784079, 0.00139369978569448, 0.0014525015139952302, 0.0015113032422959805, 0.0015701050870120525, 0.0016289068153128028, 0.001687708543613553, 0.0017465103883296251, 0.0018053121166303754, 0.0018641138449311256, 0.0019229156896471977, 0.00198171753436327, 0.0020405191462486982, 0.0020993209909647703, 0.0021581226028501987, 0.002216924447566271, 0.002275726292282343, 0.002334528136998415, 0.0023933297488838434, 0.0024521315935999155, 0.002510933205485344, 0.002569735050201416, 0.002628536894917488, 0.00268733873963356, 0.0027461403515189886, 0.0028049421962350607, 0.002863743808120489, 0.002922545652836561, 0.0029813474975526333, 0.0030401493422687054, 0.003098950954154134, 0.003157752798870206, 0.0032165544107556343, 0.0032753562554717064, 0.0033341581001877785, 0.0033929599449038506, 0.003451761556789279, 0.003510563401505351, 0.0035693650133907795, 0.0036281668581068516, 0.0036869687028229237, 0.0037457705475389957, 0.003804572159424424, 0.0038633740041404963, 0.003922175616025925, 0.003980977460741997, 0.004039779305458069, 0.004098581150174141, 0.004157382994890213, 0.004216184839606285, 0.00427498621866107, 0.004333788063377142, 0.004392589908093214, 0.004451391752809286, 0.004510193597525358, 0.004568994976580143, 0.004627796821296215, 0.004686598666012287, 0.004745400510728359]}, "gradients/lif2.beta": {"_type": "histogram", "values": [1.0, 0.0, 0.0, 0.0, 0.0, 1.0, 0.0, 0.0, 1.0, 1.0, 0.0, 0.0, 1.0, 1.0, 0.0, 1.0, 0.0, 4.0, 2.0, 2.0, 2.0, 1.0, 1.0, 8.0, 11.0, 14.0, 19.0, 10.0, 8.0, 7.0, 4.0, 6.0, 4.0, 3.0, 1.0, 2.0, 0.0, 1.0, 0.0, 0.0, 1.0, 0.0, 2.0, 1.0, 0.0, 1.0, 1.0, 1.0, 1.0, 0.0, 1.0, 0.0, 0.0, 0.0, 0.0, 0.0, 0.0, 1.0, 0.0, 0.0, 0.0, 0.0, 0.0, 1.0], "bins": [-0.004655472002923489, -0.004475540015846491, -0.004295608028769493, -0.004115676041692495, -0.003935744054615498, -0.0037558120675385, -0.003575880080461502, -0.0033959480933845043, -0.0032160161063075066, -0.003036084119230509, -0.002856152132153511, -0.0026762201450765133, -0.0024962881579995155, -0.0023163561709225178, -0.00213642418384552, -0.0019564921967685223, -0.0017765602096915245, -0.0015966282226145267, -0.001416696235537529, -0.0012367642484605312, -0.0010568322613835335, -0.0008769002743065357, -0.000696968287229538, -0.0005170363001525402, -0.00033710431307554245, -0.0001571723259985447, 2.2759661078453064e-05, 0.00020269164815545082, 0.0003826236352324486, 0.0005625556223094463, 0.0007424876093864441, 0.0009224195964634418, 0.0011023515835404396, 0.0012822835706174374, 0.0014622155576944351, 0.0016421475447714329, 0.0018220795318484306, 0.0020020115189254284, 0.002181943506002426, 0.002361875493079424, 0.0025418074801564217, 0.0027217394672334194, 0.002901671454310417, 0.003081603441387415, 0.0032615354284644127, 0.0034414674155414104, 0.003621399402618408, 0.003801331389695406, 0.003981263376772404, 0.0041611953638494015, 0.004341127350926399, 0.004521059338003397, 0.004700991325080395, 0.0048809233121573925, 0.00506085529923439, 0.005240787286311388, 0.005420719273388386, 0.0056006512604653835, 0.005780583247542381, 0.005960515234619379, 0.006140447221696377, 0.0063203792087733746, 0.006500311195850372, 0.00668024318292737, 0.006860175170004368]}, "gradients/layer2.weight": {"_type": "histogram", "values": [2.0, 0.0, 0.0, 2.0, 2.0, 2.0, 1.0, 1.0, 2.0, 4.0, 2.0, 2.0, 3.0, 1.0, 5.0, 5.0, 5.0, 13.0, 6.0, 10.0, 22.0, 8.0, 17.0, 19.0, 25.0, 39.0, 32.0, 44.0, 85.0, 96.0, 126.0, 143.0, 227.0, 316.0, 510.0, 894.0, 2417.0, 9227.0, 771.0, 399.0, 288.0, 208.0, 128.0, 68.0, 39.0, 31.0, 30.0, 20.0, 26.0, 10.0, 9.0, 11.0, 8.0, 7.0, 8.0, 0.0, 1.0, 1.0, 1.0, 0.0, 0.0, 3.0, 1.0, 1.0], "bins": [-0.005585687700659037, -0.005435106810182333, -0.005284525919705629, -0.005133944563567638, -0.004983363673090935, -0.004832782782614231, -0.0046822018921375275, -0.004531621001660824, -0.00438104011118412, -0.004230458755046129, -0.004079877864569426, -0.003929296974092722, -0.0037787160836160183, -0.003628134960308671, -0.0034775540698319674, -0.00332697294652462, -0.0031763920560479164, -0.0030258111655712128, -0.0028752300422638655, -0.002724649151787162, -0.0025740680284798145, -0.002423487138003111, -0.0022729062475264072, -0.00212232512421906, -0.0019717442337423563, -0.0018211633432656527, -0.0016705822199583054, -0.0015200013294816017, -0.001369420439004898, -0.0012188395485281944, -0.0010682581923902035, -0.0009176773019134998, -0.0007670964114367962, -0.0006165155209600925, -0.0004659346304833889, -0.00031535327434539795, -0.0001647723838686943, -1.4191493391990662e-05, 0.00013638939708471298, 0.0002869705203920603, 0.0004375514108687639, 0.0005881323013454676, 0.0007387134246528149, 0.0008892943151295185, 0.0010398752056062222, 0.0011904563289135695, 0.001341037219390273, 0.0014916183426976204, 0.001642199233174324, 0.0017927801236510277, 0.001943361246958375, 0.0020939421374350786, 0.002244523260742426, 0.0023951041512191296, 0.002545685041695833, 0.002696265932172537, 0.002846847055479884, 0.0029974281787872314, 0.003148009069263935, 0.0032985899597406387, 0.0034491708502173424, 0.0035997519735246897, 0.0037503328640013933, 0.0039009139873087406, 0.004051494877785444]}, "gradients/layer2.bias": {"_type": "histogram",