{"episode_duration": 60, "_timestamp": 1712166679.876715, "_runtime": 12194.928201913834, "_step": 589, "gradients/layer3.weight": {"_type": "histogram", "values": [3.0, 1.0, 0.0, 0.0, 0.0, 0.0, 0.0, 0.0, 0.0, 0.0, 0.0, 0.0, 0.0, 0.0, 0.0, 0.0, 0.0, 0.0, 0.0, 0.0, 0.0, 0.0, 0.0, 0.0, 0.0, 0.0, 0.0, 3.0, 7.0, 7.0, 5.0, 6.0, 4.0, 6.0, 5.0, 5.0, 5.0, 4.0, 6.0, 2.0, 3.0, 1.0, 4.0, 6.0, 2.0, 6.0, 20.0, 13.0, 23.0, 49.0, 16.0, 11.0, 5.0, 2.0, 3.0, 2.0, 6.0, 3.0, 4.0, 3.0, 1.0, 2.0, 0.0, 2.0], "bins": [-0.016894062981009483, -0.016554920002818108, -0.016215777024626732, -0.015876634046435356, -0.015537490136921406, -0.01519834715873003, -0.014859204180538654, -0.014520061202347279, -0.014180917292833328, -0.013841774314641953, -0.013502631336450577, -0.013163488358259201, -0.012824345380067825, -0.01248520240187645, -0.012146059423685074, -0.011806915514171124, -0.011467772535979748, -0.011128629557788372, -0.010789485648274422, -0.010450342670083046, -0.01011119969189167, -0.009772056713700294, -0.009432913735508919, -0.009093770757317543, -0.008754627779126167, -0.008415483869612217, -0.008076340891420841, -0.0077371979132294655, -0.00739805493503809, -0.007058911956846714, -0.006719768047332764, -0.006380625069141388, -0.0060414825566112995, -0.005702339578419924, -0.005363196600228548, -0.005024052690714598, -0.004684909712523222, -0.004345766734331846, -0.0040066237561404705, -0.0036674807779490948, -0.0033283368684351444, -0.002989194355905056, -0.002650050912052393, -0.0023109079338610172, -0.0019717649556696415, -0.0016326215118169785, -0.0012934785336256027, -0.0009543350897729397, -0.000615192111581564, -0.0002760491333901882, 6.309431046247482e-05, 0.00040223728865385056, 0.0007413807325065136, 0.0010805237106978893, 0.001419666688889265, 0.0017588098999112844, 0.002097953110933304, 0.0024370963219553232, 0.0027762395329773426, 0.0031153825111687183, 0.0034545257221907377, 0.003793668933212757, 0.004132811911404133, 0.004471955355256796, 0.004811098333448172]}, "gradients/layer3.bias": {"_type": "histogram", "values": [1.0, 0.0, 0.0, 0.0, 0.0, 0.0, 0.0, 0.0, 0.0, 0.0, 0.0, 0.0, 0.0, 0.0, 0.0, 0.0, 0.0, 0.0, 0.0, 0.0, 0.0, 0.0, 0.0, 0.0, 0.0, 0.0, 0.0, 0.0, 0.0, 0.0, 0.0, 0.0, 0.0, 0.0, 0.0, 0.0, 0.0, 0.0, 0.0, 0.0, 0.0, 0.0, 0.0, 0.0, 0.0, 0.0, 0.0, 0.0, 0.0, 0.0, 0.0, 0.0, 0.0, 0.0, 0.0, 0.0, 0.0, 0.0, 0.0, 0.0, 0.0, 0.0, 0.0, 1.0], "bins": [-0.016991548240184784, -0.01684383861720562, -0.016696128994226456, -0.01654841937124729, -0.016400709748268127, -0.016253000125288963, -0.01610528863966465, -0.015957579016685486, -0.01580986939370632, -0.015662159770727158, -0.015514450147747993, -0.01536674052476883, -0.015219030901789665, -0.015071321278810501, -0.014923611655831337, -0.014775901101529598, -0.014628191478550434, -0.01448048185557127, -0.014332771301269531, -0.014185061678290367, -0.014037352055311203, -0.013889642432332039, -0.013741932809352875, -0.01359422318637371, -0.013446513563394547, -0.013298803009092808, -0.013151093386113644, -0.01300338376313448, -0.012855674140155315, -0.012707963585853577, -0.012560253962874413, -0.012412544339895248, -0.012264834716916084, -0.01211712509393692, -0.011969415470957756, -0.011821705847978592, -0.011673995293676853, -0.011526285670697689, -0.011378576047718525, -0.01123086642473936, -0.011083155870437622, -0.010935446247458458, -0.010787736624479294, -0.01064002700150013, -0.010492317378520966, -0.010344607755541801, -0.010196898132562637, -0.010049187578260899, -0.009901477955281734, -0.00975376833230257, -0.009606057778000832, -0.009458348155021667, -0.009310638532042503, -0.00916292890906334, -0.009015219286084175, -0.008867509663105011, -0.008719800040125847, -0.008572089485824108, -0.008424379862844944, -0.00827667023986578, -0.008128960616886616, -0.007981250993907452, -0.007833540439605713, -0.007685830816626549, -0.007538121193647385]}, "gradients/lif2.beta": {"_type": "histogram", "values": [1.0, 0.0, 0.0, 0.0, 0.0, 0.0, 0.0, 0.0, 0.0, 0.0, 0.0, 0.0, 0.0, 0.0, 0.0, 0.0, 0.0, 0.0, 0.0, 0.0, 0.0, 0.0, 0.0, 0.0, 0.0, 0.0, 0.0, 0.0, 0.0, 1.0, 0.0, 0.0, 0.0, 0.0, 1.0, 1.0, 1.0, 0.0, 0.0, 2.0, 2.0, 5.0, 4.0, 9.0, 75.0, 7.0, 5.0, 1.0, 4.0, 3.0, 1.0, 2.0, 0.0, 0.0, 1.0, 1.0, 0.0, 0.0, 0.0, 0.0, 0.0, 0.0, 0.0, 1.0], "bins": [-0.05082513764500618, -0.04968484491109848, -0.04854455217719078, -0.04740425571799278, -0.04626396298408508, -0.04512367025017738, -0.043983377516269684, -0.042843084782361984, -0.041702792048454285, -0.04056249558925629, -0.03942220285534859, -0.03828191012144089, -0.03714161738753319, -0.03600132465362549, -0.03486102819442749, -0.03372073546051979, -0.03258044272661209, -0.03144014999270439, -0.030299855396151543, -0.029159562662243843, -0.028019268065690994, -0.026878975331783295, -0.025738682597875595, -0.024598388001322746, -0.023458095267415047, -0.022317802533507347, -0.0211775079369545, -0.0200372152030468, -0.0188969224691391, -0.0177566297352314, -0.0166163332760334, -0.015476040542125702, -0.0143357515335083, -0.013195458799600601, -0.012055166065692902, -0.010914869606494904, -0.009774576872587204, -0.008634284138679504, -0.007493991404771805, -0.006353696808218956, -0.005213404074311256, -0.004073111340403557, -0.002932816743850708, -0.0017925240099430084, -0.0006522312760353088, 0.00048806332051754, 0.0016283560544252396, 0.0027686506509780884, 0.003908943384885788, 0.0050492361187934875, 0.006189530715346336, 0.007329823449254036, 0.00847011711448431, 0.009610410779714584, 0.010750703513622284, 0.011890997178852558, 0.013031290844082832, 0.014171584509313107, 0.01531187817454338, 0.01645217090845108, 0.01759246364235878, 0.01873275823891163, 0.01987305097281933, 0.021013345569372177, 0.022153638303279877]}, "gradients/layer2.weight": {"_type": "histogram", "values": [27.0, 7.0, 2.0, 1.0, 0.0, 4.0, 2.0, 2.0, 1.0, 0.0, 0.0, 1.0, 3.0, 2.0, 5.0, 4.0, 6.0, 4.0, 7.0, 6.0, 6.0, 7.0, 7.0, 10.0, 9.0, 13.0, 17.0, 19.0, 25.0, 41.0, 42.0, 46.0, 72.0, 115.0, 178.0, 310.0, 651.0, 2858.0, 9509.0, 868.0, 374.0, 308.0, 197.0, 154.0, 88.0, 62.0, 54.0, 37.0, 33.0, 30.0, 34.0, 26.0, 15.0, 10.0, 4.0, 7.0, 8.0, 5.0, 9.0, 5.0, 10.0, 15.0, 7.0, 5.0], "bins": [-0.008154095150530338, -0.007939604111015797, -0.007725112605839968, -0.007510621566325426, -0.007296130061149597, -0.0070816390216350555, -0.006867147982120514, -0.006652656476944685, -0.006438165437430143, -0.006223673932254314, -0.006009182892739773, -0.005794691853225231, -0.005580200348049402, -0.005365708842873573, -0.005151217803359032, -0.00493672676384449, -0.004722235724329948, -0.0045077442191541195, -0.0042932527139782906, -0.004078761674463749, -0.0038642706349492073, -0.0036497791297733784, -0.0034352880902588367, -0.003220797050744295, -0.003006305545568466, -0.0027918145060539246, -0.0025773230008780956, -0.002362831961363554, -0.0021483409218490124, -0.0019338494166731834, -0.0017193583771586418, -0.0015048668719828129, -0.0012903758324682713, -0.0010758847929537296, -0.0008613932877779007, -0.0006469022482633591, -0.00043241074308753014, -0.0002179197035729885, -3.428664058446884e-06, 0.00021106284111738205, 0.0004255538806319237, 0.0006400453858077526, 0.0008545364253222942, 0.0010690274648368359, 0.0012835189700126648, 0.0014980100095272064, 0.0017125012818723917, 0.001926992554217577, 0.0021414838265627623, 0.0023559750989079475, 0.002570466371253133, 0.0027849574107676744, 0.0029994486831128597, 0.003213939955458045, 0.0034284312278032303, 0.003642922267317772, 0.003857413772493601, 0.0040719048120081425, 0.004286396317183971, 0.004500887356698513, 0.004715378396213055, 0.004929869901388884, 0.005144360940903425, 0.005358852446079254, 0.005573343485593796]}, "gradients/layer2.bias": {"_type": "histogram",