{"episode_duration": 19, "_timestamp": 1712307778.927961, "_runtime": 328.78448510169983, "_step": 1901, "gradients/layer3.weight": {"_type": "histogram", "values": [2.0, 8.0, 54.0, 0.0, 5.0, 2.0, 0.0, 5.0, 3.0, 7.0, 2.0, 1.0, 2.0, 4.0, 1.0, 6.0, 2.0, 3.0, 0.0, 0.0, 4.0, 3.0, 5.0, 4.0, 6.0, 4.0, 4.0, 2.0, 1.0, 6.0, 3.0, 1.0, 2.0, 7.0, 4.0, 3.0, 5.0, 5.0, 5.0, 4.0, 4.0, 6.0, 4.0, 6.0, 3.0, 3.0, 6.0, 5.0, 3.0, 5.0, 3.0, 2.0, 8.0, 0.0, 4.0, 2.0, 0.0, 3.0, 1.0, 0.0, 0.0, 0.0, 0.0, 3.0], "bins": [-0.007274025119841099, -0.004025083035230637, -0.0007761409506201744, 0.0024728011339902878, 0.00572174321860075, 0.008970684371888638, 0.012219627387821674, 0.015468570403754711, 0.018717512488365173, 0.02196645364165306, 0.02521539479494095, 0.028464339673519135, 0.03171328082680702, 0.03496222198009491, 0.038211166858673096, 0.04146010801196098, 0.04470904916524887, 0.04795799031853676, 0.051206931471824646, 0.05445587635040283, 0.05770481377840042, 0.06095375865697861, 0.0642027035355568, 0.06745164096355438, 0.07070058584213257, 0.07394953072071075, 0.07719846814870834, 0.08044741302728653, 0.08369635790586472, 0.0869452953338623, 0.09019424021244049, 0.09344317764043808, 0.09669211506843567, 0.09994105994701385, 0.10318999737501144, 0.10643894225358963, 0.10968787968158722, 0.1129368245601654, 0.11618576943874359, 0.11943470686674118, 0.12268365174531937, 0.12593260407447815, 0.12918153405189514, 0.13243047893047333, 0.1356794238090515, 0.1389283537864685, 0.14217731356620789, 0.14542624354362488, 0.14867518842220306, 0.15192413330078125, 0.15517306327819824, 0.15842202305793762, 0.16167095303535461, 0.1649198979139328, 0.168168842792511, 0.17141778767108917, 0.17466673254966736, 0.17791566252708435, 0.18116460740566254, 0.18441355228424072, 0.1876624971628189, 0.1909114420413971, 0.1941603720188141, 0.19740931689739227, 0.20065826177597046]}, "gradients/layer3.bias": {"_type": "histogram", "values": [1.0, 0.0, 0.0, 0.0, 0.0, 0.0, 0.0, 0.0, 0.0, 0.0, 0.0, 0.0, 0.0, 0.0, 0.0, 0.0, 0.0, 0.0, 0.0, 0.0, 0.0, 0.0, 0.0, 0.0, 0.0, 0.0, 0.0, 0.0, 0.0, 0.0, 0.0, 0.0, 0.0, 0.0, 0.0, 0.0, 0.0, 0.0, 0.0, 0.0, 0.0, 0.0, 0.0, 0.0, 0.0, 0.0, 0.0, 0.0, 0.0, 0.0, 0.0, 0.0, 0.0, 0.0, 0.0, 0.0, 0.0, 0.0, 0.0, 0.0, 0.0, 0.0, 0.0, 1.0], "bins": [0.028697967529296875, 0.02887081913650036, 0.029043670743703842, 0.029216522350907326, 0.02938937395811081, 0.029562225565314293, 0.029735077172517776, 0.02990792877972126, 0.030080780386924744, 0.030253631994128227, 0.03042648360133171, 0.030599335208535194, 0.030772186815738678, 0.03094503842294216, 0.031117890030145645, 0.03129073977470398, 0.03146359324455261, 0.031636446714401245, 0.03180929645895958, 0.031982146203517914, 0.03215499967336655, 0.03232785314321518, 0.032500702887773514, 0.03267355263233185, 0.03284640610218048, 0.033019259572029114, 0.03319210931658745, 0.03336495906114578, 0.033537812530994415, 0.03371066600084305, 0.03388351574540138, 0.03405636548995972, 0.03422921895980835, 0.03440207242965698, 0.03457492217421532, 0.03474777191877365, 0.034920625388622284, 0.03509347885847092, 0.03526632860302925, 0.035439178347587585, 0.03561203181743622, 0.03578488528728485, 0.035957735031843185, 0.03613058477640152, 0.03630343824625015, 0.036476291716098785, 0.03664914146065712, 0.036821991205215454, 0.03699484467506409, 0.03716769814491272, 0.037340547889471054, 0.03751339763402939, 0.03768625110387802, 0.037859104573726654, 0.03803195431828499, 0.03820480406284332, 0.038377657532691956, 0.03855051100254059, 0.03872336074709892, 0.03889621049165726, 0.03906906396150589, 0.03924191743135452, 0.03941476717591286, 0.03958761692047119, 0.039760470390319824]}, "gradients/layer2.weight": {"_type": "histogram", "values": [1.0, 0.0, 3.0, 0.0, 1.0, 3.0, 2.0, 5.0, 0.0, 6.0, 2.0, 5.0, 6.0, 3.0, 9.0, 0.0, 4.0, 5.0, 13.0, 10.0, 9.0, 11.0, 12.0, 16.0, 17.0, 20.0, 16.0, 31.0, 29.0, 42.0, 39.0, 67.0, 80.0, 71.0, 108.0, 141.0, 166.0, 160.0, 179.0, 342.0, 501.0, 536.0, 5397.0, 1719.0, 997.0, 734.0, 591.0, 680.0, 571.0, 437.0, 412.0, 446.0, 426.0, 407.0, 340.0, 248.0, 161.0, 73.0, 42.0, 17.0, 7.0, 6.0, 1.0, 1.0], "bins": [-0.04916514456272125, -0.048014383763074875, -0.0468636229634285, -0.04571286216378212, -0.04456210136413574, -0.043411340564489365, -0.04226057976484299, -0.04110981523990631, -0.03995905816555023, -0.038808293640613556, -0.03765753656625748, -0.0365067720413208, -0.03535601124167442, -0.034205250442028046, -0.03305448964238167, -0.03190372884273529, -0.030752968043088913, -0.029602207243442535, -0.028451446443796158, -0.02730068564414978, -0.026149924844503403, -0.024999162182211876, -0.0238484013825655, -0.02269764058291912, -0.021546879783272743, -0.020396118983626366, -0.019245358183979988, -0.01809459738433361, -0.016943834722042084, -0.015793073922395706, -0.014642313122749329, -0.013491552323102951, -0.012340789660811424, -0.011190028861165047, -0.010039268061518669, -0.008888507261872292, -0.007737746462225914, -0.006586983799934387, -0.00543622300028801, -0.004285462200641632, -0.0031347014009952545, -0.001983940601348877, -0.0008331798017024994, 0.0003175809979438782, 0.001468343660235405, 0.0026191044598817825, 0.00376986525952816, 0.004920626059174538, 0.006071386858820915, 0.007222147658467293, 0.00837290845811367, 0.009523670189082623, 0.010674430988729, 0.011825191788375378, 0.01297595351934433, 0.014126714318990707, 0.015277475118637085, 0.016428235918283463, 0.01757899671792984, 0.018729757517576218, 0.019880518317222595, 0.021031280979514122, 0.0221820417791605, 0.023332802578806877, 0.024483563378453255]}, "gradients/layer2.bias": {"_type": "histogram", "values": [1.0, 0.0, 0.0, 0.0, 1.0, 0.0, 0.0, 0.0, 0.0, 0.0, 0.0, 0.0, 1.0, 1.0, 0.0, 0.0, 0.0, 0.0, 0.0, 0.0, 0.0, 0.0, 0.0, 2.0, 1.0, 2.0, 0.0, 0.0, 1.0, 0.0, 2.0, 0.0, 1.0, 0.0, 4.0, 2.0, 4.0, 1.0, 1.0, 3.0, 3.0, 1.0, 25.0, 0.0, 0.0, 0.0, 1.0, 0.0, 0.0, 0.0, 2.0, 1.0, 1.0, 3.0, 3.0, 2.0, 15.0, 11.0, 13.0, 9.0, 7.0, 0.0, 2.0, 1.0], "bins": [-0.056303299963474274, -0.05497189611196518, -0.053640492260456085, -0.05230908840894699, -0.0509776808321476, -0.049646276980638504, -0.04831487312912941, -0.046983469277620316, -0.04565206170082092, -0.04432065784931183, -0.042989253997802734, -0.04165785014629364, -0.040326446294784546, -0.03899504244327545, -0.03766363859176636, -0.036332231014966965, -0.03500082716345787, -0.033669423311948776, -0.032338015735149384, -0.03100661374628544, -0.029675208032131195, -0.0283438041806221, -0.027012400329113007, -0.025680994614958763, -0.024349592626094818, -0.023018185049295425, -0.02168678119778633, -0.020355377346277237, -0.019023973494768143, -0.01769256964325905, -0.016361162066459656, -0.015029758214950562, -0.013698358088731766, -0.012366954237222672, -0.011035550385713577, -0.009704142808914185, -0.00837273895740509, -0.007041335105895996, -0.005709931254386902, -0.004378527402877808, -0.003047119826078415, -0.00171571783721447, -0.00038431212306022644, 0.0009470917284488678, 0.002278495579957962, 0.0036099012941122055, 0.0049413051456213, 0.006272710859775543, 0.0076041147112846375, 0.008935518562793732, 0.010266924276947975, 0.01159832812845707, 0.012929733842611313, 0.014261137694120407, 0.015592541545629501, 0.016923945397138596, 0.01825535111129284, 0.019586756825447083, 0.020918160676956177, 0.02224956452846527, 0.023580968379974365, 0.02491237409412861, 0.026243777945637703, 0.027575183659791946, 0.02890658751130104]}, "gradients/layer1.weight": {"_type": "histogram", "values": [1.0, 0.0, 0.0, 0.0, 0.0, 0.0, 1.0, 4.0, 0.0, 0.0, 0.0, 0.0, 0.0, 2.0, 0.0, 0.0, 3.0, 1.0, 2.0, 5.0, 5.0, 2.0, 3.0, 5.0, 9.0, 17.0, 39.0, 97.0, 190.0, 55.0, 21.0, 13.0, 12.0, 6.0, 3.0, 1.0, 2.0, 0.0, 0.0, 1.0, 0.0, 1.0, 1.0, 2.0, 1.0, 0.0, 1.0, 1.0, 0.0, 0.0, 0.0, 0.0, 0.0, 0.0, 0.0, 1.0, 0.0, 1.0, 0.0, 1.0, 0.0, 1.0, 0.0, 1.0],