{"episode_duration": 24, "_timestamp": 1712157465.4640782, "_runtime": 206.73162317276, "_step": 78, "gradients/layer3.weight": {"_type": "histogram", "values": [1.0, 2.0, 3.0, 3.0, 1.0, 1.0, 1.0, 3.0, 4.0, 6.0, 3.0, 6.0, 9.0, 8.0, 6.0, 2.0, 3.0, 2.0, 2.0, 1.0, 0.0, 0.0, 2.0, 2.0, 4.0, 4.0, 0.0, 4.0, 1.0, 79.0, 9.0, 4.0, 4.0, 1.0, 7.0, 1.0, 8.0, 3.0, 7.0, 2.0, 5.0, 2.0, 3.0, 2.0, 4.0, 3.0, 7.0, 3.0, 5.0, 4.0, 2.0, 3.0, 0.0, 0.0, 0.0, 0.0, 2.0, 0.0, 0.0, 0.0, 1.0, 0.0, 0.0, 1.0], "bins": [-0.02097315341234207, -0.02026338130235672, -0.019553611055016518, -0.018843840807676315, -0.018134068697690964, -0.017424296587705612, -0.01671452634036541, -0.016004756093025208, -0.015294983983039856, -0.014585212804377079, -0.013875441625714302, -0.013165670447051525, -0.012455899268388748, -0.011746128089725971, -0.011036356911063194, -0.010326585732400417, -0.00961681455373764, -0.008907043375074863, -0.008197272196412086, -0.0074875010177493095, -0.006777729839086533, -0.006067958660423756, -0.005358187481760979, -0.004648417234420776, -0.003938645124435425, -0.0032288730144500732, -0.002519102767109871, -0.0018093325197696686, -0.001099560409784317, -0.00038978829979896545, 0.0003199819475412369, 0.0010297521948814392, 0.0017395243048667908, 0.0024492964148521423, 0.0031590666621923447, 0.003868836909532547, 0.0045786090195178986, 0.00528838112950325, 0.0059981513768434525, 0.006707921624183655, 0.007417693734169006, 0.008127465844154358, 0.00883723609149456, 0.009547007270157337, 0.010256778448820114, 0.010966549627482891, 0.011676320806145668, 0.012386091984808445, 0.013095863163471222, 0.013805634342133999, 0.014515405520796776, 0.015225176699459553, 0.01593494787812233, 0.01664471998810768, 0.017354490235447884, 0.018064260482788086, 0.018774032592773438, 0.01948380470275879, 0.02019357495009899, 0.020903345197439194, 0.021613117307424545, 0.022322889417409897, 0.0230326596647501, 0.0237424299120903, 0.024452202022075653]}, "gradients/layer3.bias": {"_type": "histogram", "values": [1.0, 0.0, 0.0, 0.0, 0.0, 0.0, 0.0, 0.0, 0.0, 0.0, 0.0, 0.0, 0.0, 0.0, 0.0, 0.0, 0.0, 0.0, 0.0, 0.0, 0.0, 0.0, 0.0, 0.0, 0.0, 0.0, 0.0, 0.0, 0.0, 0.0, 0.0, 0.0, 0.0, 0.0, 0.0, 0.0, 0.0, 0.0, 0.0, 0.0, 0.0, 0.0, 0.0, 0.0, 0.0, 0.0, 0.0, 0.0, 0.0, 0.0, 0.0, 0.0, 0.0, 0.0, 0.0, 0.0, 0.0, 0.0, 0.0, 0.0, 0.0, 0.0, 0.0, 1.0], "bins": [-0.014319231733679771, -0.013903656974434853, -0.013488082215189934, -0.013072507455945015, -0.012656932696700096, -0.012241357937455177, -0.011825783178210258, -0.01141020841896534, -0.01099463365972042, -0.010579058900475502, -0.010163484141230583, -0.009747909381985664, -0.009332334622740746, -0.008916759863495827, -0.008501185104250908, -0.008085610345005989, -0.007670035120099783, -0.007254460360854864, -0.006838885601609945, -0.006423310376703739, -0.00600773561745882, -0.0055921608582139015, -0.005176586098968983, -0.004761011339724064, -0.004345436580479145, -0.003929861821234226, -0.0035142870619893074, -0.0030987123027443886, -0.0026831375434994698, -0.002267562784254551, -0.0018519880250096321, -0.0014364132657647133, -0.0010208385065197945, -0.0006052637472748756, -0.00018968898802995682, 0.000225885771214962, 0.0006414605304598808, 0.0010570352897047997, 0.0014726100489497185, 0.0018881848081946373, 0.002303759567439556, 0.002719334326684475, 0.0031349090859293938, 0.0035504838451743126, 0.003966058604419231, 0.00438163336366415, 0.004797208588570356, 0.005212783347815275, 0.005628358107060194, 0.006043932866305113, 0.006459507625550032, 0.0068750823847949505, 0.007290657144039869, 0.007706231903284788, 0.008121807128190994, 0.008537381887435913, 0.008952956646680832, 0.00936853140592575, 0.00978410616517067, 0.010199680924415588, 0.010615255683660507, 0.011030830442905426, 0.011446405202150345, 0.011861979961395264, 0.012277554720640182]}, "gradients/layer2.weight": {"_type": "histogram", "values": [1.0, 0.0, 0.0, 1.0, 2.0, 1.0, 1.0, 6.0, 6.0, 7.0, 7.0, 12.0, 19.0, 36.0, 30.0, 43.0, 61.0, 87.0, 106.0, 116.0, 159.0, 185.0, 241.0, 270.0, 312.0, 361.0, 447.0, 567.0, 722.0, 7327.0, 908.0, 726.0, 601.0, 484.0, 364.0, 302.0, 227.0, 199.0, 196.0, 153.0, 162.0, 124.0, 111.0, 105.0, 99.0, 82.0, 72.0, 56.0, 52.0, 48.0, 38.0, 32.0, 25.0, 18.0, 19.0, 9.0, 13.0, 8.0, 4.0, 2.0, 3.0, 3.0, 1.0, 5.0], "bins": [-0.003095789812505245, -0.0029905352275818586, -0.0028852808754891157, -0.002780026290565729, -0.0026747717056423426, -0.002569517120718956, -0.002464262768626213, -0.0023590081837028265, -0.00225375359877944, -0.002148499246686697, -0.0020432446617633104, -0.0019379901932552457, -0.001832735724747181, -0.0017274811398237944, -0.0016222266713157296, -0.001516972086392343, -0.0014117176178842783, -0.0013064631493762136, -0.001201208564452827, -0.0010959540959447622, -0.0009906995110213757, -0.0008854451589286327, -0.0007801905740052462, -0.0006749359890818596, -0.0005696816369891167, -0.0004644270520657301, -0.0003591724671423435, -0.00025391788221895695, -0.00014866353012621403, -4.3408945202827454e-05, 6.184563972055912e-05, 0.00016709999181330204, 0.0002723545767366886, 0.0003776091616600752, 0.0004828635137528181, 0.0005881180986762047, 0.0006933726835995913, 0.0007986270356923342, 0.0009038816206157207, 0.0010091362055391073, 0.001114390790462494, 0.0012196451425552368, 0.0013248997274786234, 0.00143015431240201, 0.0015354086644947529, 0.0016406632494181395, 0.0017459177179262042, 0.0018511723028495908, 0.0019564267713576555, 0.002061681356281042, 0.002166935708373785, 0.0022721902932971716, 0.002377444878220558, 0.002482699230313301, 0.0025879538152366877, 0.0026932084001600742, 0.002798462752252817, 0.0029037173371762037, 0.0030089719220995903, 0.0031142262741923332, 0.00321948085911572, 0.0033247354440391064, 0.003429990028962493, 0.003535244381055236, 0.0036404989659786224]}, "gradients/layer2.bias": {"_type": "histogram", "values": [1.0, 0.0, 0.0, 0.0, 0.0, 1.0, 0.0, 1.0, 0.0, 0.0, 2.0, 0.0, 1.0, 2.0, 5.0, 1.0, 1.0, 1.0, 1.0, 0.0, 2.0, 0.0, 1.0, 2.0, 0.0, 3.0, 3.0, 0.0, 1.0, 4.0, 0.0, 3.0, 1.0, 2.0, 1.0, 1.0, 3.0, 4.0, 3.0, 38.0, 1.0, 5.0, 3.0, 4.0, 1.0, 1.0, 3.0, 1.0, 2.0, 4.0, 2.0, 0.0, 0.0, 2.0, 4.0, 1.0, 0.0, 0.0, 1.0, 1.0, 0.0, 1.0, 0.0, 2.0], "bins": [-0.0027240104973316193, -0.0026542830746620893, -0.0025845556519925594, -0.0025148282293230295, -0.0024451008066534996, -0.002375373151153326, -0.002305645728483796, -0.002235918305814266, -0.0021661908831447363, -0.0020964634604752064, -0.0020267360378056765, -0.0019570086151361465, -0.0018872810760512948, -0.0018175536533817649, -0.0017478261142969131, -0.0016780986916273832, -0.0016083712689578533, -0.0015386438462883234, -0.0014689164236187935, -0.0013991888845339417, -0.0013294614618644118, -0.001259734039194882, -0.0011900065001100302, -0.0011202790774405003, -0.0010505516547709703, -0.0009808242321014404, -0.0009110968094319105, -0.0008413692703470588, -0.0007716418476775289, -0.0007019143085926771, -0.0006321868859231472, -0.0005624594632536173, -0.000492732273414731, -0.0004230048507452011, -0.0003532774280756712, -0.0002835500054061413, -0.00021382246632128954, -0.00014409504365175962, -7.436750456690788e-05, -4.640081897377968e-06, 6.508734077215195e-05, 0.00013481476344168186, 0.00020454218611121178, 0.0002742697251960635, 0.00034399714786559343, 0.00041372457053512335, 0.0004834521096199751, 0.000553179532289505, 0.0006229069549590349, 0.0006926343776285648, 0.0007623618585057557, 0.0008320893393829465, 0.0009018167620524764, 0.0009715441847220063, 0.001041271723806858, 0.001110999146476388, 0.001180726569145918, 0.0012504539918154478, 0.0013201814144849777, 0.0013899089535698295, 0.0014596363762393594, 0.0015293637989088893, 0.001599091337993741, 0.001668818760663271, 0.0017385461833328009]}, "gradients/layer1.weight": {"_type": "histogram",