{"episode_duration": 19, "_timestamp": 1712159230.840897, "_runtime": 3956.7789041996, "_step": 1000, "gradients/layer3.weight": {"_type": "histogram", "values": [2.0, 0.0, 0.0, 0.0, 0.0, 0.0, 0.0, 1.0, 0.0, 0.0, 0.0, 5.0, 0.0, 11.0, 3.0, 19.0, 4.0, 7.0, 1.0, 4.0, 0.0, 4.0, 1.0, 15.0, 0.0, 2.0, 1.0, 1.0, 2.0, 3.0, 0.0, 2.0, 1.0, 7.0, 2.0, 5.0, 7.0, 3.0, 4.0, 0.0, 2.0, 4.0, 15.0, 4.0, 37.0, 5.0, 8.0, 7.0, 5.0, 11.0, 13.0, 8.0, 12.0, 2.0, 2.0, 0.0, 1.0, 0.0, 2.0, 0.0, 0.0, 0.0, 0.0, 1.0], "bins": [-0.035448916256427765, -0.03465941548347473, -0.0338699109852314, -0.033080410212278366, -0.032290905714035034, -0.031501404941082, -0.030711902305483818, -0.029922399669885635, -0.029132897034287453, -0.02834339439868927, -0.027553891763091087, -0.026764389127492905, -0.02597488835453987, -0.02518538385629654, -0.024395883083343506, -0.023606380447745323, -0.02281687781214714, -0.022027375176548958, -0.021237872540950775, -0.02044837176799774, -0.01965886726975441, -0.018869366496801376, -0.018079863861203194, -0.01729036122560501, -0.01650085859000683, -0.015711355954408646, -0.014921853318810463, -0.01413235068321228, -0.013342849910259247, -0.012553347274661064, -0.011763844639062881, -0.010974342003464699, -0.01018484029918909, -0.009395337663590908, -0.008605835027992725, -0.007816332392394543, -0.00702682975679636, -0.006237328983843327, -0.005447826348245144, -0.004658323712646961, -0.0038688210770487785, -0.003079318441450596, -0.002289815805852413, -0.0015003131702542305, -0.000710812397301197, 7.869116961956024e-05, 0.0008681928738951683, 0.001657695509493351, 0.0024471981450915337, 0.0032367007806897163, 0.004026203416287899, 0.004815705120563507, 0.00560520775616169, 0.0063947103917598724, 0.0071842120960354805, 0.007973714731633663, 0.008763217367231846, 0.009552720002830029, 0.010342221707105637, 0.01113172434270382, 0.011921226978302002, 0.012710729613900185, 0.013500232249498367, 0.014289733953773975, 0.015079236589372158]}, "gradients/layer3.bias": {"_type": "histogram", "values": [1.0, 0.0, 0.0, 0.0, 0.0, 0.0, 0.0, 0.0, 0.0, 0.0, 0.0, 0.0, 0.0, 0.0, 0.0, 0.0, 0.0, 0.0, 0.0, 0.0, 0.0, 0.0, 0.0, 0.0, 0.0, 0.0, 0.0, 0.0, 0.0, 0.0, 0.0, 0.0, 0.0, 0.0, 0.0, 0.0, 0.0, 0.0, 0.0, 0.0, 0.0, 0.0, 0.0, 0.0, 0.0, 0.0, 0.0, 0.0, 0.0, 0.0, 0.0, 0.0, 0.0, 0.0, 0.0, 0.0, 0.0, 0.0, 0.0, 0.0, 0.0, 0.0, 0.0, 1.0], "bins": [-0.023093264549970627, -0.022995246574282646, -0.022897228598594666, -0.022799210622906685, -0.022701192647218704, -0.022603174671530724, -0.022505156695842743, -0.022407138720154762, -0.02230912074446678, -0.0222111027687788, -0.02211308479309082, -0.02201506495475769, -0.02191704697906971, -0.02181902900338173, -0.02172101102769375, -0.021622993052005768, -0.021524975076317787, -0.021426957100629807, -0.021328939124941826, -0.021230921149253845, -0.021132903173565865, -0.021034885197877884, -0.020936867222189903, -0.020838849246501923, -0.020740831270813942, -0.02064281329512596, -0.02054479531943798, -0.02044677734375, -0.02034875936806202, -0.02025074139237404, -0.020152723416686058, -0.020054705440998077, -0.019956685602664948, -0.019858669489622116, -0.019760649651288986, -0.019662631675601006, -0.019564613699913025, -0.019466595724225044, -0.019368577748537064, -0.019270559772849083, -0.019172541797161102, -0.01907452382147312, -0.01897650584578514, -0.01887848787009716, -0.01878046989440918, -0.0186824519187212, -0.01858443394303322, -0.018486415967345238, -0.018388397991657257, -0.018290380015969276, -0.018192362040281296, -0.018094344064593315, -0.017996326088905334, -0.017898306250572205, -0.017800290137529373, -0.017702270299196243, -0.017604252323508263, -0.017506234347820282, -0.0174082163721323, -0.01731019839644432, -0.01721218042075634, -0.01711416244506836, -0.01701614446938038, -0.016918126493692398, -0.016820108518004417]}, "gradients/lif2.beta": {"_type": "histogram", "values": [1.0, 0.0, 0.0, 0.0, 0.0, 0.0, 0.0, 0.0, 0.0, 0.0, 0.0, 0.0, 0.0, 0.0, 1.0, 0.0, 0.0, 0.0, 0.0, 0.0, 0.0, 0.0, 0.0, 0.0, 1.0, 0.0, 1.0, 1.0, 0.0, 1.0, 4.0, 4.0, 0.0, 2.0, 1.0, 2.0, 3.0, 7.0, 27.0, 24.0, 14.0, 8.0, 2.0, 2.0, 2.0, 5.0, 0.0, 0.0, 3.0, 3.0, 0.0, 1.0, 2.0, 0.0, 2.0, 0.0, 0.0, 0.0, 1.0, 0.0, 1.0, 0.0, 1.0, 1.0], "bins": [-0.005989492405205965, -0.005835462361574173, -0.005681432317942381, -0.005527402274310589, -0.005373372230678797, -0.005219342187047005, -0.005065312143415213, -0.0049112820997834206, -0.0047572520561516285, -0.004603222012519836, -0.004449191968888044, -0.004295161925256252, -0.00414113188162446, -0.003987101837992668, -0.003833071794360876, -0.003679041750729084, -0.003525011707097292, -0.0033709816634655, -0.003216951619833708, -0.0030629215762019157, -0.0029088915325701237, -0.0027548614889383316, -0.0026008314453065395, -0.0024468014016747475, -0.0022927713580429554, -0.0021387413144111633, -0.0019847112707793713, -0.0018306812271475792, -0.0016766511835157871, -0.001522621139883995, -0.001368591096252203, -0.001214561052620411, -0.0010605310089886189, -0.0009065009653568268, -0.0007524709217250347, -0.0005984408780932426, -0.0004444108344614506, -0.0002903807908296585, -0.00013635074719786644, 1.767929643392563e-05, 0.0001717093400657177, 0.00032573938369750977, 0.00047976942732930183, 0.0006337994709610939, 0.000787829514592886, 0.000941859558224678, 0.00109588960185647, 0.0012499196454882622, 0.0014039496891200542, 0.0015579797327518463, 0.0017120097763836384, 0.0018660398200154305, 0.0020200698636472225, 0.0021740999072790146, 0.0023281299509108067, 0.0024821599945425987, 0.002636190038174391, 0.002790220081806183, 0.002944250125437975, 0.003098280169069767, 0.003252310212701559, 0.003406340256333351, 0.003560370299965143, 0.0037144003435969353, 0.0038684303872287273]}, "gradients/layer2.weight": {"_type": "histogram", "values": [10.0, 0.0, 0.0, 0.0, 0.0, 0.0, 0.0, 0.0, 0.0, 0.0, 0.0, 0.0, 0.0, 0.0, 0.0, 0.0, 0.0, 0.0, 0.0, 0.0, 0.0, 0.0, 0.0, 0.0, 0.0, 0.0, 2.0, 0.0, 5.0, 2.0, 17.0, 7.0, 23.0, 41.0, 25.0, 29.0, 74.0, 109.0, 122.0, 201.0, 330.0, 689.0, 13078.0, 635.0, 291.0, 162.0, 165.0, 90.0, 61.0, 44.0, 44.0, 38.0, 25.0, 13.0, 7.0, 7.0, 7.0, 14.0, 0.0, 12.0, 1.0, 1.0, 0.0, 3.0], "bins": [-0.01721882075071335, -0.016812529414892197, -0.016406236216425896, -0.015999944880604744, -0.015593653544783592, -0.015187361277639866, -0.01478106901049614, -0.014374777674674988, -0.013968485407531261, -0.013562193140387535, -0.013155901804566383, -0.012749609537422657, -0.01234331727027893, -0.011937025934457779, -0.011530733667314053, -0.011124441400170326, -0.010718150064349174, -0.010311858728528023, -0.009905566461384296, -0.00949927419424057, -0.009092982858419418, -0.008686690591275692, -0.008280398324131966, -0.007874106988310814, -0.0074678147211670876, -0.007061522454023361, -0.0066552311182022095, -0.006248938851058483, -0.005842646583914757, -0.005436355248093605, -0.005030062980949879, -0.004623771645128727, -0.004217478446662426, -0.0038111861795186996, -0.003404894843697548, -0.0029986025765538216, -0.00259231124073267, -0.0021860189735889435, -0.0017797267064452171, -0.0013734353706240654, -0.000967143103480339, -0.0005608508363366127, -0.00015455950051546097, 0.0002517327666282654, 0.0006580250337719917, 0.0010643163695931435, 0.0014706086367368698, 0.0018769004382193089, 0.002283192239701748, 0.002689484041184187, 0.003095775842666626, 0.0035020681098103523, 0.003908359911292791, 0.00431465171277523, 0.004720943979918957, 0.005127235781401396, 0.005533527582883835, 0.005939819384366274, 0.006346111185848713, 0.006752403452992439, 0.007158695254474878, 0.007564987055957317, 0.007971279323101044, 0.008377570658922195, 0.008783862926065922]}, "gradients/layer2.bias": {"_type": "histogram",