{"episode_duration": 16, "_timestamp": 1712307262.37186, "_runtime": 315.41240406036377, "_step": 1901, "gradients/layer3.weight": {"_type": "histogram", "values": [3.0, 3.0, 0.0, 2.0, 1.0, 1.0, 3.0, 9.0, 3.0, 2.0, 5.0, 4.0, 2.0, 7.0, 7.0, 6.0, 4.0, 2.0, 0.0, 2.0, 0.0, 1.0, 1.0, 0.0, 0.0, 4.0, 1.0, 2.0, 0.0, 0.0, 3.0, 3.0, 2.0, 2.0, 1.0, 4.0, 6.0, 14.0, 49.0, 2.0, 5.0, 10.0, 4.0, 2.0, 2.0, 1.0, 0.0, 1.0, 0.0, 3.0, 1.0, 1.0, 2.0, 5.0, 6.0, 11.0, 7.0, 7.0, 8.0, 8.0, 4.0, 1.0, 1.0, 5.0], "bins": [-0.3964184820652008, -0.3861776292324066, -0.3759368062019348, -0.3656959533691406, -0.35545510053634644, -0.34521424770355225, -0.33497342467308044, -0.32473257184028625, -0.31449171900749207, -0.30425089597702026, -0.2940100431442261, -0.2837691903114319, -0.2735283374786377, -0.2632874846458435, -0.2530466616153717, -0.24280580878257751, -0.23256497085094452, -0.22232413291931152, -0.21208328008651733, -0.20184244215488434, -0.19160158932209015, -0.18136075139045715, -0.17111989855766296, -0.16087906062602997, -0.15063822269439697, -0.14039736986160278, -0.1301565170288086, -0.11991569399833679, -0.1096748411655426, -0.09943398833274841, -0.08919313549995422, -0.07895231246948242, -0.06871145963668823, -0.05847060680389404, -0.04822978377342224, -0.03798893094062805, -0.027748078107833862, -0.017507225275039673, -0.007266402244567871, 0.0029744505882263184, 0.013215303421020508, 0.023456141352653503, 0.0336969792842865, 0.04393783211708069, 0.054178670048713684, 0.06441952288150787, 0.07466036081314087, 0.08490121364593506, 0.09514205157756805, 0.10538288950920105, 0.11562374234199524, 0.12586458027362823, 0.13610543310642242, 0.14634627103805542, 0.1565871238708496, 0.1668279618024826, 0.1770687997341156, 0.1873096525669098, 0.19755050539970398, 0.20779134333133698, 0.21803218126296997, 0.22827303409576416, 0.23851387202739716, 0.24875472486019135, 0.25899556279182434]}, "gradients/layer3.bias": {"_type": "histogram", "values": [1.0, 0.0, 0.0, 0.0, 0.0, 0.0, 0.0, 0.0, 0.0, 0.0, 0.0, 0.0, 0.0, 0.0, 0.0, 0.0, 0.0, 0.0, 0.0, 0.0, 0.0, 0.0, 0.0, 0.0, 0.0, 0.0, 0.0, 0.0, 0.0, 0.0, 0.0, 0.0, 0.0, 0.0, 0.0, 0.0, 0.0, 0.0, 0.0, 0.0, 0.0, 0.0, 0.0, 0.0, 0.0, 0.0, 0.0, 0.0, 0.0, 0.0, 0.0, 0.0, 0.0, 0.0, 0.0, 0.0, 0.0, 0.0, 0.0, 0.0, 0.0, 0.0, 0.0, 1.0], "bins": [-0.07082337141036987, -0.06904232501983643, -0.06726127117872238, -0.06548022478818893, -0.06369917094707489, -0.06191812455654144, -0.060137078166007996, -0.05835602805018425, -0.056574977934360504, -0.05479392781853676, -0.05301287770271301, -0.051231831312179565, -0.04945078119635582, -0.047669731080532074, -0.04588868468999863, -0.04410763457417488, -0.042326584458351135, -0.04054553434252739, -0.038764484226703644, -0.0369834378361702, -0.03520238772034645, -0.033421337604522705, -0.03164029121398926, -0.029859241098165512, -0.028078190982341766, -0.02629714086651802, -0.024516090750694275, -0.022735044360160828, -0.020953994244337082, -0.019172944128513336, -0.01739189773797989, -0.015610847622156143, -0.013829797506332397, -0.012048747390508652, -0.010267697274684906, -0.008486650884151459, -0.006705600768327713, -0.004924550652503967, -0.00314350426197052, -0.0013624541461467743, 0.00041859596967697144, 0.002199646085500717, 0.003980696201324463, 0.00576174259185791, 0.007542792707681656, 0.009323842823505402, 0.011104889214038849, 0.012885939329862595, 0.01466698944568634, 0.016448039561510086, 0.018229087814688683, 0.02001013606786728, 0.021791186183691025, 0.02357223629951477, 0.025353284552693367, 0.027134332805871964, 0.02891538292169571, 0.030696433037519455, 0.0324774831533432, 0.03425852954387665, 0.036039579659700394, 0.03782062977552414, 0.03960167616605759, 0.04138272628188133, 0.04316377639770508]}, "gradients/layer2.weight": {"_type": "histogram", "values": [2.0, 2.0, 3.0, 5.0, 5.0, 7.0, 13.0, 24.0, 21.0, 25.0, 28.0, 59.0, 42.0, 90.0, 137.0, 209.0, 243.0, 403.0, 425.0, 594.0, 854.0, 1319.0, 1484.0, 5928.0, 1774.0, 700.0, 410.0, 290.0, 189.0, 141.0, 120.0, 74.0, 76.0, 51.0, 39.0, 38.0, 37.0, 40.0, 42.0, 55.0, 30.0, 26.0, 23.0, 27.0, 25.0, 26.0, 23.0, 24.0, 15.0, 27.0, 16.0, 16.0, 15.0, 14.0, 17.0, 8.0, 12.0, 12.0, 3.0, 6.0, 8.0, 4.0, 5.0, 4.0], "bins": [-0.03222909942269325, -0.030883824452757835, -0.029538549482822418, -0.028193274512887, -0.026847999542951584, -0.025502724573016167, -0.02415744960308075, -0.022812172770500183, -0.021466899663209915, -0.02012162283062935, -0.01877634972333908, -0.017431072890758514, -0.016085797920823097, -0.01474052295088768, -0.013395247980952263, -0.012049973011016846, -0.010704698041081429, -0.009359423071146011, -0.008014148101210594, -0.006668873131275177, -0.00532359816133976, -0.003978323191404343, -0.0026330482214689255, -0.0012877732515335083, 5.7503581047058105e-05, 0.001402776688337326, 0.0027480535209178925, 0.00409332662820816, 0.005438603460788727, 0.006783876568078995, 0.008129153400659561, 0.009474426507949829, 0.010819703340530396, 0.012164980173110962, 0.01351025328040123, 0.014855530112981796, 0.016200803220272064, 0.01754608005285263, 0.0188913531601429, 0.020236629992723465, 0.021581903100013733, 0.0229271799325943, 0.024272454902529716, 0.025617729872465134, 0.02696300484240055, 0.028308279812335968, 0.029653554782271385, 0.030998829752206802, 0.03234410285949707, 0.03368937969207764, 0.0350346565246582, 0.03637992963194847, 0.03772520273923874, 0.039070479571819305, 0.04041575640439987, 0.04176102951169014, 0.043106306344270706, 0.044451579451560974, 0.04579685628414154, 0.04714212939143181, 0.048487406224012375, 0.04983267933130264, 0.05117795616388321, 0.05252322927117348, 0.053868506103754044]}, "gradients/layer2.bias": {"_type": "histogram", "values": [1.0, 0.0, 0.0, 0.0, 0.0, 2.0, 3.0, 0.0, 1.0, 0.0, 2.0, 0.0, 9.0, 3.0, 2.0, 6.0, 9.0, 4.0, 5.0, 7.0, 10.0, 7.0, 3.0, 25.0, 2.0, 3.0, 2.0, 0.0, 3.0, 3.0, 1.0, 1.0, 1.0, 1.0, 0.0, 0.0, 1.0, 0.0, 0.0, 0.0, 0.0, 1.0, 2.0, 0.0, 0.0, 0.0, 0.0, 1.0, 0.0, 0.0, 0.0, 1.0, 0.0, 0.0, 0.0, 1.0, 0.0, 1.0, 2.0, 1.0, 0.0, 0.0, 0.0, 1.0], "bins": [-0.03910726681351662, -0.03741346299648285, -0.03571965917944908, -0.034025855362415314, -0.032332055270671844, -0.030638251453638077, -0.02894444763660431, -0.02725064381957054, -0.025556841865181923, -0.023863039910793304, -0.022169236093759537, -0.02047543227672577, -0.018781628459692, -0.017087826505303383, -0.015394022688269615, -0.013700220733880997, -0.012006416916847229, -0.010312613099813461, -0.008618811145424843, -0.006925009191036224, -0.005231205374002457, -0.003537401556968689, -0.0018435977399349213, -0.00014979392290115356, 0.0015440098941326141, 0.0032378099858760834, 0.004931613802909851, 0.006625417619943619, 0.008319221436977386, 0.010013025254011154, 0.011706825345754623, 0.013400629162788391, 0.015094436705112457, 0.016788240522146225, 0.018482044339179993, 0.020175844430923462, 0.02186964824795723, 0.023563452064990997, 0.025257255882024765, 0.026951059699058533, 0.028644859790802002, 0.03033866360783577, 0.03203246742486954, 0.033726271241903305, 0.03542007505893707, 0.03711387887597084, 0.03880768269300461, 0.04050148278474808, 0.042195286601781845, 0.04388909041881561, 0.04558289051055908, 0.04727669805288315, 0.04897049814462662, 0.050664301961660385, 0.05235810577869415, 0.05405190959572792, 0.05574571341276169, 0.05743951350450516, 0.059133317321538925, 0.06082712113857269, 0.06252092123031616, 0.06421472877264023, 0.0659085288643837, 0.06760233640670776, 0.06929613649845123]}, "gradients/layer1.weight": {"_type": "histogram", "values": [1.0, 0.0, 1.0, 0.0, 0.0, 0.0, 0.0, 0.0, 0.0, 0.0, 0.0, 0.0, 0.0, 0.0, 0.0, 1.0, 1.0, 1.0, 1.0, 1.0, 0.0, 1.0, 0.0, 0.0, 0.0, 0.0, 0.0, 1.0, 0.0, 2.0, 2.0, 2.0, 0.0, 4.0, 8.0, 8.0, 29.0, 82.0, 163.0, 121.0, 38.0, 8.0, 8.0, 4.0, 3.0, 7.0, 4.0, 0.0, 0.0, 2.0, 2.0, 0.0, 1.0, 2.0, 1.0, 0.0, 0.0, 0.0, 0.0, 0.0, 0.0, 0.0, 1.0, 1.0],