{"episode_duration": 18, "_timestamp": 1712306695.263317, "_runtime": 783.4026930332184, "_step": 1901, "mean_duration": 20.649999618530273, "gradients/layer3.weight": {"_type": "histogram", "values": [5.0, 5.0, 4.0, 3.0, 3.0, 4.0, 20.0, 27.0, 23.0, 9.0, 7.0, 35.0, 14.0, 4.0, 3.0, 4.0, 1.0, 1.0, 1.0, 1.0, 0.0, 1.0, 0.0, 2.0, 1.0, 1.0, 1.0, 1.0, 2.0, 4.0, 3.0, 5.0, 6.0, 3.0, 7.0, 5.0, 6.0, 2.0, 7.0, 1.0, 2.0, 1.0, 3.0, 0.0, 0.0, 3.0, 3.0, 0.0, 0.0, 2.0, 0.0, 1.0, 3.0, 0.0, 0.0, 0.0, 0.0, 0.0, 1.0, 1.0, 0.0, 1.0, 1.0, 2.0], "bins": [-0.06612665206193924, -0.060397859662771225, -0.05466907098889351, -0.048940278589725494, -0.04321148991584778, -0.037482697516679764, -0.03175390511751175, -0.026025116443634033, -0.02029632404446602, -0.014567531645298004, -0.008838742971420288, -0.003109954297542572, 0.002618841826915741, 0.008347630500793457, 0.014076419174671173, 0.019805215299129486, 0.025534003973007202, 0.03126279264688492, 0.03699158877134323, 0.04272037744522095, 0.04844916611909866, 0.054177962243556976, 0.059906743466854095, 0.06563553959131241, 0.07136433571577072, 0.07709311693906784, 0.08282191306352615, 0.08855070918798447, 0.09427949041128159, 0.1000082865357399, 0.10573708266019821, 0.11146586388349533, 0.11719466745853424, 0.12292346358299255, 0.12865224480628967, 0.13438104093074799, 0.1401098370552063, 0.14583861827850342, 0.15156741440296173, 0.15729621052742004, 0.16302499175071716, 0.16875378787517548, 0.1744825839996338, 0.1802113652229309, 0.18594016134738922, 0.19166895747184753, 0.19739773869514465, 0.20312653481960297, 0.20885533094406128, 0.2145841121673584, 0.2203129082918167, 0.22604170441627502, 0.23177048563957214, 0.23749928176403046, 0.24322807788848877, 0.2489568591117859, 0.254685640335083, 0.2604144513607025, 0.26614323258399963, 0.27187201380729675, 0.27760082483291626, 0.2833296060562134, 0.2890583872795105, 0.29478719830513, 0.3005159795284271]}, "gradients/layer3.bias": {"_type": "histogram", "values": [1.0, 0.0, 0.0, 0.0, 0.0, 0.0, 0.0, 0.0, 0.0, 0.0, 0.0, 0.0, 0.0, 0.0, 0.0, 0.0, 0.0, 0.0, 0.0, 0.0, 0.0, 0.0, 0.0, 0.0, 0.0, 0.0, 0.0, 0.0, 0.0, 0.0, 0.0, 0.0, 0.0, 0.0, 0.0, 0.0, 0.0, 0.0, 0.0, 0.0, 0.0, 0.0, 0.0, 0.0, 0.0, 0.0, 0.0, 0.0, 0.0, 0.0, 0.0, 0.0, 0.0, 0.0, 0.0, 0.0, 0.0, 0.0, 0.0, 0.0, 0.0, 0.0, 0.0, 1.0], "bins": [-0.012281241826713085, -0.011401702649891376, -0.010522164404392242, -0.009642625227570534, -0.008763086050748825, -0.007883547805249691, -0.007004008628427982, -0.006124469917267561, -0.00524493120610714, -0.004365392029285431, -0.003485853783786297, -0.002606314606964588, -0.0017267754301428795, -0.0008472371846437454, 3.230199217796326e-05, 0.0009118402376770973, 0.001791379414498806, 0.0026709185913205147, 0.0035504577681422234, 0.004429995082318783, 0.0053095342591404915, 0.0061890734359622, 0.007068612612783909, 0.007948151789605618, 0.008827690966427326, 0.009707228280603886, 0.010586767457425594, 0.011466306634247303, 0.012345845811069012, 0.01322538498789072, 0.01410492230206728, 0.014984461478888988, 0.015863999724388123, 0.01674353890120983, 0.01762307807803154, 0.0185026153922081, 0.019382154569029808, 0.020261693745851517, 0.021141232922673225, 0.022020772099494934, 0.022900309413671494, 0.023779848590493202, 0.02465938776731491, 0.02553892694413662, 0.026418466120958328, 0.027298005297780037, 0.028177542611956596, 0.029057081788778305, 0.029936620965600014, 0.030816160142421722, 0.03169569745659828, 0.03257523849606514, 0.0334547758102417, 0.03433431684970856, 0.03521385416388512, 0.036093391478061676, 0.036972932517528534, 0.03785246983170509, 0.03873200714588165, 0.03961154818534851, 0.04049108549952507, 0.04137062653899193, 0.04225016385316849, 0.043129704892635345, 0.044009242206811905]}, "gradients/layer2.weight": {"_type": "histogram", "values": [2.0, 1.0, 2.0, 6.0, 4.0, 4.0, 7.0, 9.0, 13.0, 9.0, 16.0, 15.0, 20.0, 14.0, 24.0, 11.0, 19.0, 21.0, 28.0, 22.0, 25.0, 42.0, 64.0, 69.0, 75.0, 98.0, 113.0, 125.0, 167.0, 195.0, 298.0, 729.0, 6679.0, 1475.0, 1009.0, 964.0, 806.0, 609.0, 488.0, 394.0, 330.0, 288.0, 249.0, 184.0, 158.0, 111.0, 114.0, 69.0, 56.0, 36.0, 32.0, 18.0, 12.0, 14.0, 8.0, 7.0, 2.0, 7.0, 5.0, 3.0, 3.0, 1.0, 4.0, 2.0], "bins": [-0.02985251694917679, -0.028936238959431648, -0.028019960969686508, -0.02710368111729622, -0.02618740312755108, -0.02527112513780594, -0.0243548471480608, -0.02343856915831566, -0.02252228930592537, -0.02160601317882538, -0.02068973332643509, -0.01977345533668995, -0.01885717734694481, -0.01794089749455452, -0.01702462136745453, -0.01610834151506424, -0.0151920635253191, -0.01427578553557396, -0.01335950754582882, -0.01244322769343853, -0.01152694970369339, -0.01061067171394825, -0.00969439372420311, -0.00877811573445797, -0.00786183774471283, -0.00694555789232254, -0.0060292799025774, -0.00511300191283226, -0.00419672392308712, -0.00328044593334198, -0.0023641660809516907, -0.0014478880912065506, -0.0005316101014614105, 0.00038466788828372955, 0.0013009458780288696, 0.002217225730419159, 0.003133503720164299, 0.004049781709909439, 0.004966059699654579, 0.005882337689399719, 0.0067986175417900085, 0.007714895531535149, 0.008631173521280289, 0.009547451511025429, 0.010463729500770569, 0.011380007490515709, 0.012296287342905998, 0.013212565332651138, 0.014128843322396278, 0.015045121312141418, 0.015961401164531708, 0.0168776772916317, 0.017793957144021988, 0.018710235133767128, 0.019626513123512268, 0.020542792975902557, 0.021459069103002548, 0.022375348955392838, 0.023291626945137978, 0.024207904934883118, 0.025124182924628258, 0.026040460914373398, 0.026956740766763687, 0.027873018756508827, 0.028789296746253967]}, "gradients/layer2.bias": {"_type": "histogram", "values": [2.0, 0.0, 0.0, 0.0, 1.0, 0.0, 0.0, 0.0, 1.0, 1.0, 0.0, 0.0, 0.0, 0.0, 0.0, 0.0, 0.0, 0.0, 1.0, 1.0, 1.0, 1.0, 1.0, 1.0, 1.0, 2.0, 1.0, 1.0, 1.0, 0.0, 2.0, 0.0, 17.0, 3.0, 2.0, 3.0, 15.0, 4.0, 6.0, 7.0, 8.0, 4.0, 3.0, 5.0, 5.0, 4.0, 3.0, 2.0, 3.0, 2.0, 2.0, 5.0, 1.0, 2.0, 0.0, 0.0, 1.0, 0.0, 0.0, 0.0, 0.0, 0.0, 0.0, 2.0], "bins": [-0.03754418343305588, -0.03640201315283775, -0.03525983914732933, -0.034117668867111206, -0.03297549486160278, -0.03183332458138466, -0.030691154301166534, -0.02954898215830326, -0.028406810015439987, -0.027264637872576714, -0.02612246572971344, -0.024980295449495316, -0.023838123306632042, -0.02269595116376877, -0.021553780883550644, -0.02041160874068737, -0.019269436597824097, -0.018127264454960823, -0.01698509231209755, -0.015842922031879425, -0.014700749889016151, -0.013558577746152878, -0.012416407465934753, -0.01127423532307148, -0.010132063180208206, -0.008989891037344933, -0.007847718894481659, -0.0067055486142635345, -0.00556337833404541, -0.004421204328536987, -0.003279034048318863, -0.00213686004281044, -0.0009946934878826141, 0.00014747679233551025, 0.001289650797843933, 0.0024318210780620575, 0.0035739950835704803, 0.004716165363788605, 0.005858335644006729, 0.007000507786870003, 0.008142679929733276, 0.00928485207259655, 0.010427024215459824, 0.011569194495677948, 0.012711366638541222, 0.013853538781404495, 0.01499570906162262, 0.016137881204485893, 0.017280053347349167, 0.01842222549021244, 0.019564397633075714, 0.02070656791329384, 0.021848740056157112, 0.022990912199020386, 0.02413308247923851, 0.025275254622101784, 0.026417426764965057, 0.02755959890782833, 0.028701771050691605, 0.02984394133090973, 0.030986113473773003, 0.032128285616636276, 0.0332704558968544, 0.034412629902362823, 0.03555480018258095]}, "gradients/layer1.weight": {"_type": "histogram", "values": [1.0, 3.0, 0.0, 2.0, 1.0, 1.0, 1.0, 0.0, 0.0, 2.0, 2.0, 4.0, 1.0, 1.0, 5.0, 5.0, 3.0, 8.0, 8.0, 3.0, 13.0, 25.0, 25.0, 88.0, 162.0, 64.0, 22.0, 11.0, 12.0, 6.0, 4.0, 2.0, 5.0, 4.0, 1.0, 1.0, 1.0, 0.0, 0.0, 1.0, 2.0, 0.0, 0.0, 0.0, 3.0, 1.0, 0.0, 1.0, 1.0, 0.0, 0.0, 0.0, 0.0, 0.0, 1.0, 0.0, 1.0, 0.0, 0.0, 1.0, 1.0, 1.0, 0.0, 1.0],