{"episode_duration": 13, "_timestamp": 1712239802.9196749, "_runtime": 1828.787101984024, "_step": 1101, "mean_duration": 22.190000534057617, "gradients/layer3.weight": {"_type": "histogram", "values": [1.0, 0.0, 0.0, 0.0, 0.0, 1.0, 0.0, 2.0, 1.0, 2.0, 2.0, 4.0, 3.0, 1.0, 0.0, 6.0, 4.0, 3.0, 9.0, 3.0, 5.0, 4.0, 6.0, 5.0, 7.0, 9.0, 5.0, 3.0, 7.0, 7.0, 8.0, 1.0, 6.0, 12.0, 9.0, 5.0, 16.0, 12.0, 7.0, 3.0, 7.0, 11.0, 3.0, 10.0, 1.0, 6.0, 4.0, 6.0, 3.0, 3.0, 2.0, 6.0, 4.0, 1.0, 2.0, 1.0, 3.0, 1.0, 0.0, 0.0, 1.0, 1.0, 0.0, 1.0], "bins": [-0.012089931406080723, -0.011755048297345638, -0.011420166119933128, -0.011085283011198044, -0.01075039990246296, -0.010415516793727875, -0.010080634616315365, -0.00974575150758028, -0.00941086933016777, -0.009075986221432686, -0.008741103112697601, -0.008406220003962517, -0.008071337826550007, -0.007736454717814922, -0.007401572074741125, -0.007066688966006041, -0.006731806322932243, -0.006396923679858446, -0.006062040571123362, -0.005727157928049564, -0.00539227481931448, -0.005057392176240683, -0.004722509533166885, -0.004387626424431801, -0.004052744247019291, -0.0037178611382842064, -0.003382978029549122, -0.0030480949208140373, -0.0027132127434015274, -0.002378329634666443, -0.0020434465259313583, -0.0017085643485188484, -0.0013736812397837639, -0.0010387981310486794, -0.0007039159536361694, -0.0003690328449010849, -3.4149736166000366e-05, 0.00030073244124650955, 0.0006356155499815941, 0.0009704986587166786, 0.0013053817674517632, 0.001640263944864273, 0.0019751470535993576, 0.002310029696673155, 0.002644912339746952, 0.0029797954484820366, 0.003314678091555834, 0.0036495612002909184, 0.003984443843364716, 0.004319326486438513, 0.004654209595173597, 0.0049890922382473946, 0.005323975346982479, 0.005658857990056276, 0.0059937406331300735, 0.006328623741865158, 0.006663506384938955, 0.0069983890280127525, 0.007333272136747837, 0.007668154779821634, 0.008003037422895432, 0.008337920531630516, 0.0086728036403656, 0.00900768581777811, 0.009342568926513195]}, "gradients/layer3.bias": {"_type": "histogram", "values": [1.0, 0.0, 0.0, 0.0, 0.0, 0.0, 0.0, 0.0, 0.0, 0.0, 0.0, 0.0, 0.0, 0.0, 0.0, 0.0, 0.0, 0.0, 0.0, 0.0, 0.0, 0.0, 0.0, 0.0, 0.0, 0.0, 0.0, 0.0, 0.0, 0.0, 0.0, 0.0, 0.0, 0.0, 0.0, 0.0, 0.0, 0.0, 0.0, 0.0, 0.0, 0.0, 0.0, 0.0, 0.0, 0.0, 0.0, 0.0, 0.0, 0.0, 0.0, 0.0, 0.0, 0.0, 0.0, 0.0, 0.0, 0.0, 0.0, 0.0, 0.0, 0.0, 0.0, 1.0], "bins": [-0.007345171645283699, -0.0072673894464969635, -0.007189607247710228, -0.007111825048923492, -0.007034043315798044, -0.006956261117011309, -0.006878478918224573, -0.006800696719437838, -0.006722914520651102, -0.006645132787525654, -0.006567350588738918, -0.006489568389952183, -0.006411786191165447, -0.006334003992378712, -0.006256221793591976, -0.006178439594805241, -0.006100657861679792, -0.006022875662893057, -0.005945093464106321, -0.005867311265319586, -0.005789529532194138, -0.005711747333407402, -0.0056339651346206665, -0.005556182935833931, -0.0054784007370471954, -0.00540061853826046, -0.005322836339473724, -0.005245054140686989, -0.005167272407561541, -0.005089490208774805, -0.0050117080099880695, -0.004933926276862621, -0.004856144078075886, -0.00477836187928915, -0.004700579680502415, -0.004622797481715679, -0.004545015282928944, -0.004467233084142208, -0.0043894508853554726, -0.004311669152230024, -0.004233886953443289, -0.004156104754656553, -0.004078322555869818, -0.0040005408227443695, -0.003922758623957634, -0.0038449764251708984, -0.003767194226384163, -0.0036894120275974274, -0.003611629828810692, -0.0035338478628546, -0.0034560656640678644, -0.0033782836981117725, -0.003300501499325037, -0.0032227193005383015, -0.003144937101751566, -0.003067155135795474, -0.0029893729370087385, -0.0029115909710526466, -0.002833808772265911, -0.0027560265734791756, -0.0026782446075230837, -0.002600462408736348, -0.0025226802099496126, -0.0024448982439935207, -0.002367116045206785]}, "gradients/lif2.beta": {"_type": "histogram", "values": [1.0, 2.0, 0.0, 0.0, 0.0, 0.0, 0.0, 0.0, 0.0, 0.0, 1.0, 0.0, 0.0, 0.0, 0.0, 2.0, 0.0, 0.0, 1.0, 0.0, 3.0, 3.0, 1.0, 7.0, 5.0, 6.0, 31.0, 14.0, 14.0, 6.0, 6.0, 1.0, 4.0, 1.0, 2.0, 1.0, 0.0, 0.0, 1.0, 0.0, 4.0, 0.0, 1.0, 4.0, 1.0, 0.0, 0.0, 0.0, 1.0, 0.0, 0.0, 0.0, 1.0, 0.0, 0.0, 0.0, 0.0, 0.0, 1.0, 0.0, 1.0, 0.0, 0.0, 1.0], "bins": [-0.006716158241033554, -0.006466331891715527, -0.006216505542397499, -0.005966679193079472, -0.005716852843761444, -0.005467026494443417, -0.005217200145125389, -0.004967373795807362, -0.004717547446489334, -0.004467721097171307, -0.004217894747853279, -0.003968068398535252, -0.0037182425148785114, -0.003468416165560484, -0.0032185898162424564, -0.002968763466924429, -0.0027189371176064014, -0.002469110768288374, -0.0022192844189703465, -0.001969458069652319, -0.0017196317203342915, -0.001469805371016264, -0.0012199790216982365, -0.000970152672380209, -0.0007203267887234688, -0.0004705004394054413, -0.0002206740900874138, 2.915225923061371e-05, 0.0002789786085486412, 0.0005288049578666687, 0.0007786313071846962, 0.0010284576565027237, 0.0012782840058207512, 0.0015281103551387787, 0.0017779367044568062, 0.0020277630537748337, 0.002277589403092861, 0.0025274157524108887, 0.002777242101728916, 0.0030270684510469437, 0.003276894800364971, 0.0035267206840217113, 0.003776547033339739, 0.004026373382657766, 0.004276199731975794, 0.004526026081293821, 0.004775852430611849, 0.005025678779929876, 0.005275505129247904, 0.005525331478565931, 0.005775157827883959, 0.006024984177201986, 0.006274810526520014, 0.006524636410176754, 0.0067744627594947815, 0.007024289108812809, 0.0072741154581308365, 0.007523941807448864, 0.0077737681567668915, 0.008023594506084919, 0.008273420855402946, 0.008523247204720974, 0.008773073554039001, 0.009022899903357029, 0.009272726252675056]}, "gradients/layer2.weight": {"_type": "histogram", "values": [3.0, 1.0, 1.0, 1.0, 0.0, 0.0, 1.0, 2.0, 2.0, 0.0, 2.0, 3.0, 1.0, 2.0, 6.0, 2.0, 4.0, 6.0, 10.0, 6.0, 27.0, 16.0, 15.0, 38.0, 37.0, 61.0, 103.0, 98.0, 192.0, 418.0, 653.0, 1690.0, 9647.0, 1018.0, 544.0, 428.0, 270.0, 240.0, 161.0, 143.0, 90.0, 81.0, 72.0, 46.0, 48.0, 36.0, 22.0, 20.0, 12.0, 14.0, 12.0, 9.0, 14.0, 9.0, 9.0, 14.0, 4.0, 4.0, 4.0, 2.0, 1.0, 4.0, 2.0, 3.0], "bins": [-0.00452197203412652, -0.00438105221837759, -0.00424013240262866, -0.00409921258687973, -0.0039582927711308, -0.003817373188212514, -0.003676453372463584, -0.0035355337895452976, -0.0033946139737963676, -0.0032536941580474377, -0.0031127743422985077, -0.0029718545265495777, -0.0028309347108006477, -0.0026900148950517178, -0.0025490953121334314, -0.0024081754963845015, -0.0022672556806355715, -0.0021263358648866415, -0.0019854160491377115, -0.0018444964662194252, -0.0017035766504704952, -0.0015626568347215652, -0.0014217370189726353, -0.0012808172032237053, -0.0011398973874747753, -0.000998977804556489, -0.000858057988807559, -0.000717138173058629, -0.0005762185901403427, -0.00043529877439141273, -0.00029437895864248276, -0.00015345914289355278, -1.2539327144622803e-05, 0.00012838048860430717, 0.00026930030435323715, 0.00041022012010216713, 0.0005511399358510971, 0.0006920595187693834, 0.0008329793345183134, 0.0009738991502672434, 0.0011148187331855297, 0.0012557385489344597, 0.0013966583646833897, 0.0015375781804323196, 0.0016784979961812496, 0.0018194178119301796, 0.001960337394848466, 0.002101257210597396, 0.002242177026346326, 0.002383096842095256, 0.002524016657844186, 0.002664936240762472, 0.002805856056511402, 0.002946775872260332, 0.003087695688009262, 0.003228615503758192, 0.003369535319507122, 0.003510455135256052, 0.0036513747181743383, 0.0037922945339232683, 0.003933214116841555, 0.004074133932590485, 0.004215053748339415, 0.004355973564088345, 0.0044968933798372746]}, "gradients/layer2.bias": {"_type": "histogram",