{"episode_duration": 25, "_timestamp": 1712157851.82924, "_runtime": 2362.157098054886, "_step": 1000, "gradients/layer3.weight": {"_type": "histogram", "values": [59.0, 0.0, 0.0, 0.0, 0.0, 0.0, 0.0, 0.0, 0.0, 0.0, 0.0, 0.0, 0.0, 0.0, 0.0, 0.0, 0.0, 0.0, 0.0, 0.0, 0.0, 0.0, 0.0, 0.0, 1.0, 0.0, 0.0, 0.0, 0.0, 0.0, 0.0, 0.0, 0.0, 136.0, 0.0, 0.0, 0.0, 0.0, 0.0, 0.0, 0.0, 59.0, 0.0, 0.0, 0.0, 0.0, 0.0, 0.0, 0.0, 0.0, 0.0, 0.0, 0.0, 0.0, 0.0, 0.0, 0.0, 0.0, 0.0, 0.0, 0.0, 0.0, 0.0, 1.0], "bins": [-0.01879483461380005, -0.018241286277770996, -0.017687736079096794, -0.017134185880422592, -0.01658063754439354, -0.016027089208364487, -0.015473539009690285, -0.014919989742338657, -0.01436644047498703, -0.013812891207635403, -0.013259341940283775, -0.012705792672932148, -0.01215224340558052, -0.011598694138228893, -0.011045144870877266, -0.010491595603525639, -0.009938046336174011, -0.009384497068822384, -0.008830947801470757, -0.00827739853411913, -0.007723849266767502, -0.0071702999994158745, -0.006616750732064247, -0.00606320146471262, -0.005509652197360992, -0.004956102930009365, -0.004402553662657738, -0.0038490043953061104, -0.003295455127954483, -0.0027419067919254303, -0.0021883565932512283, -0.0016348063945770264, -0.0010812580585479736, -0.0005277097225189209, 2.5840476155281067e-05, 0.000579390674829483, 0.0011329390108585358, 0.0016864882782101631, 0.0022400375455617905, 0.002793586812913418, 0.003347136080265045, 0.0039006853476166725, 0.0044542346149683, 0.005007783882319927, 0.0055613331496715546, 0.006114882417023182, 0.006668431684374809, 0.007221980951726437, 0.007775530219078064, 0.008329079486429691, 0.008882628753781319, 0.009436178021132946, 0.009989727288484573, 0.0105432765558362, 0.011096825823187828, 0.011650375090539455, 0.012203924357891083, 0.01275747362524271, 0.013311022892594337, 0.013864572159945965, 0.014418121427297592, 0.01497167069464922, 0.015525219962000847, 0.01607877016067505, 0.0166323184967041]}, "gradients/layer3.bias": {"_type": "histogram", "values": [1.0, 0.0, 0.0, 0.0, 0.0, 0.0, 0.0, 0.0, 0.0, 0.0, 0.0, 0.0, 0.0, 0.0, 0.0, 0.0, 0.0, 0.0, 0.0, 0.0, 0.0, 0.0, 0.0, 0.0, 0.0, 0.0, 0.0, 0.0, 0.0, 0.0, 0.0, 0.0, 0.0, 0.0, 0.0, 0.0, 0.0, 0.0, 0.0, 0.0, 0.0, 0.0, 0.0, 0.0, 0.0, 0.0, 0.0, 0.0, 0.0, 0.0, 0.0, 0.0, 0.0, 0.0, 0.0, 0.0, 0.0, 0.0, 0.0, 0.0, 0.0, 0.0, 0.0, 1.0], "bins": [-0.01879483461380005, -0.018435578793287277, -0.018076324835419655, -0.017717070877552032, -0.01735781505703926, -0.01699855923652649, -0.016639305278658867, -0.016280051320791245, -0.015920795500278473, -0.015561540611088276, -0.015202285721898079, -0.014843030832707882, -0.014483775943517685, -0.014124521054327488, -0.013765266165137291, -0.013406011275947094, -0.013046756386756897, -0.0126875014975667, -0.012328246608376503, -0.011968991719186306, -0.011609736829996109, -0.011250481940805912, -0.010891227051615715, -0.010531972162425518, -0.010172717273235321, -0.009813462384045124, -0.009454207494854927, -0.00909495260566473, -0.008735697716474533, -0.008376442827284336, -0.008017187938094139, -0.007657933048903942, -0.007298678159713745, -0.006939423270523548, -0.006580168381333351, -0.006220913492143154, -0.005861658602952957, -0.00550240371376276, -0.005143148824572563, -0.004783893935382366, -0.004424639046192169, -0.004065384157001972, -0.003706129267811775, -0.003346874378621578, -0.0029876194894313812, -0.0026283646002411842, -0.0022691097110509872, -0.0019098548218607903, -0.0015505999326705933, -0.0011913450434803963, -0.0008320901542901993, -0.0004728352651000023, -0.0001135803759098053, 0.0002456745132803917, 0.0006049294024705887, 0.0009641842916607857, 0.0013234391808509827, 0.0016826940700411797, 0.0020419489592313766, 0.0024012038484215736, 0.0027604587376117706, 0.0031197136268019676, 0.0034789685159921646, 0.0038382234051823616, 0.004197478294372559]}, "gradients/lif2.beta": {"_type": "histogram", "values": [128.0], "bins": [0.0, 0.0]}, "gradients/layer2.weight": {"_type": "histogram", "values": [4.0, 0.0, 0.0, 0.0, 5.0, 0.0, 0.0, 1.0, 1.0, 1.0, 1.0, 0.0, 1.0, 0.0, 0.0, 0.0, 1.0, 0.0, 1.0, 0.0, 0.0, 0.0, 0.0, 0.0, 0.0, 0.0, 0.0, 0.0, 0.0, 0.0, 0.0, 0.0, 0.0, 0.0, 0.0, 0.0, 0.0, 0.0, 0.0, 3.0, 1.0, 0.0, 0.0, 0.0, 1.0, 2.0, 2.0, 1.0, 0.0, 6.0, 7.0, 12.0, 24.0, 44.0, 61.0, 132.0, 103.0, 243.0, 15568.0, 114.0, 23.0, 10.0, 7.0, 4.0], "bins": [-0.0005238599260337651, -0.0005148857017047703, -0.0005059114191681147, -0.0004969371948391199, -0.0004879629414062947, -0.0004789886879734695, -0.0004700144345406443, -0.0004610401811078191, -0.00045206595677882433, -0.0004430917033459991, -0.0004341174499131739, -0.0004251431964803487, -0.0004161689430475235, -0.00040719471871852875, -0.0003982204361818731, -0.00038924621185287833, -0.0003802719584200531, -0.0003712977049872279, -0.00036232348065823317, -0.0003533491981215775, -0.00034437497379258275, -0.00033540072035975754, -0.00032642646692693233, -0.0003174522425979376, -0.0003084779600612819, -0.00029950373573228717, -0.00029052948229946196, -0.00028155522886663675, -0.00027258097543381155, -0.00026360672200098634, -0.0002546324976719916, -0.0002456582442391664, -0.00023668397625442594, -0.00022770972282160074, -0.00021873546938877553, -0.00020976124505978078, -0.00020078699162695557, -0.00019181273819413036, -0.00018283848476130515, -0.00017386424588039517, -0.00016488999244756997, -0.00015591573901474476, -0.00014694150013383478, -0.00013796724670100957, -0.00012899299326818436, -0.00012001875438727438, -0.00011104450095444918, -0.0001020702620735392, -9.309600864071399e-05, -8.412175520788878e-05, -7.51475163269788e-05, -6.61732628941536e-05, -5.719902037526481e-05, -4.8224774218397215e-05, -3.925052078557201e-05, -3.0276274628704414e-05, -2.130202847183682e-05, -1.2327782314969227e-05, -3.353532520122826e-06, 5.6207172747235745e-06, 1.4594963431591168e-05, 2.3569211407448165e-05, 3.254345938330516e-05, 4.1517705540172756e-05, 5.0491955335019156e-05]}, "gradients/layer2.bias": {"_type": "histogram", "values": [1.0, 0.0, 0.0, 0.0, 1.0, 0.0, 0.0, 0.0, 0.0, 0.0, 0.0, 0.0, 0.0, 0.0, 0.0, 0.0, 0.0, 0.0, 0.0, 0.0, 0.0, 0.0, 0.0, 0.0, 0.0, 0.0, 0.0, 0.0, 0.0, 0.0, 0.0, 0.0, 0.0, 0.0, 0.0, 0.0, 0.0, 0.0, 0.0, 0.0, 1.0, 0.0, 0.0, 0.0, 0.0, 0.0, 0.0, 0.0, 0.0, 0.0, 1.0, 1.0, 2.0, 3.0, 8.0, 9.0, 14.0, 19.0, 0.0, 2.0, 62.0, 0.0, 2.0, 2.0], "bins": [-0.0005238595767877996, -0.0005151915829628706, -0.0005065235891379416, -0.0004978555953130126, -0.0004891875432804227, -0.00048051957855932415, -0.0004718515556305647, -0.0004631835618056357, -0.0004545155679807067, -0.0004458475741557777, -0.00043717955122701824, -0.00042851155740208924, -0.0004198435344733298, -0.0004111755406484008, -0.0004025075468234718, -0.0003938395529985428, -0.0003851715591736138, -0.00037650353624485433, -0.00036783554241992533, -0.0003591675194911659, -0.0003504995256662369, -0.0003418315318413079, -0.0003331635380163789, -0.0003244955441914499, -0.0003158275212626904, -0.0003071595274377614, -0.00029849150450900197, -0.00028982351068407297, -0.00028115551685914397, -0.000272487523034215, -0.000263819529209286, -0.0002551515062805265, -0.000246483541559428, -0.00023781553318258375, -0.0002291475102538243, -0.0002204795164288953, -0.0002118115226039663, -0.00020314351422712207, -0.00019447552040219307, -0.00018580751202534884, -0.00017713951820041984, -0.00016847150982357562, -0.0001598035014467314, -0.0001511355076218024, -0.00014246749924495816, -0.00013379950542002916, -0.00012513149704318494, -0.00011646350321825594, -0.00010779549484141171, -9.912748646456748e-05, -9.045949263963848e-05, -8.179149153875187e-05, -7.312349043786526e-05, -6.445548206102103e-05, -5.578748096013442e-05, -4.7119479859247804e-05, -3.845147875836119e-05, -2.9783477657474577e-05, -2.1115476556587964e-05, -1.2447471817722544e-05, -3.779470716835931e-06, 4.888530384050682e-06, 1.3556533303926699e-05, 2.2224536223802716e-05, 3.089253732468933e-05]}, "gradients/lif1.beta": {"_type": "histogram", "values": [128.0], "bins": [0.0, 0.0]},