{"episode_duration": 36, "_timestamp": 1712306924.7940018, "_runtime": 62.09999680519104, "_step": 144, "mean_duration": 15.5600004196167, "gradients/layer3.weight": {"_type": "histogram", "values": [1.0, 0.0, 0.0, 1.0, 0.0, 1.0, 0.0, 0.0, 0.0, 2.0, 1.0, 2.0, 1.0, 0.0, 0.0, 0.0, 0.0, 1.0, 0.0, 2.0, 3.0, 0.0, 4.0, 6.0, 8.0, 5.0, 6.0, 5.0, 3.0, 2.0, 3.0, 3.0, 0.0, 1.0, 0.0, 1.0, 0.0, 0.0, 0.0, 2.0, 2.0, 3.0, 7.0, 10.0, 15.0, 8.0, 7.0, 10.0, 4.0, 9.0, 5.0, 80.0, 8.0, 4.0, 1.0, 6.0, 4.0, 0.0, 4.0, 2.0, 1.0, 0.0, 1.0, 1.0], "bins": [-0.017029358074069023, -0.016698971390724182, -0.01636858470737934, -0.0160381980240345, -0.01570781320333481, -0.015377425588667393, -0.015047039836645126, -0.014716653153300285, -0.014386266469955444, -0.014055879786610603, -0.013725493103265762, -0.013395107351243496, -0.013064720667898655, -0.012734333984553814, -0.012403948232531548, -0.012073561549186707, -0.011743174865841866, -0.011412788182497025, -0.011082401499152184, -0.010752015747129917, -0.010421629063785076, -0.010091242380440235, -0.009760856628417969, -0.009430469945073128, -0.009100083261728287, -0.008769696578383446, -0.008439309895038605, -0.008108924143016338, -0.007778537459671497, -0.007448150776326656, -0.00711776502430439, -0.006787378340959549, -0.0064569925889372826, -0.0061266059055924416, -0.0057962192222476006, -0.005465833470225334, -0.005135446786880493, -0.004805060103535652, -0.004474674351513386, -0.004144287668168545, -0.0038139009848237038, -0.0034835143014788628, -0.003153128083795309, -0.0028227418661117554, -0.0024923551827669144, -0.0021619684994220734, -0.0018315822817385197, -0.001501196064054966, -0.001170809380710125, -0.000840422697365284, -0.0005100364796817303, -0.00017965026199817657, 0.00015073642134666443, 0.0004811228718608618, 0.0008115093223750591, 0.0011418957728892565, 0.0014722822234034538, 0.0018026686739176512, 0.0021330551244318485, 0.002463441574946046, 0.0027938280254602432, 0.0031242144759744406, 0.003454600926488638, 0.0037849873770028353, 0.004115373827517033]}, "gradients/layer3.bias": {"_type": "histogram", "values": [1.0, 0.0, 0.0, 0.0, 0.0, 0.0, 0.0, 0.0, 0.0, 0.0, 0.0, 0.0, 0.0, 0.0, 0.0, 0.0, 0.0, 0.0, 0.0, 0.0, 0.0, 0.0, 0.0, 0.0, 0.0, 0.0, 0.0, 0.0, 0.0, 0.0, 0.0, 0.0, 0.0, 0.0, 0.0, 0.0, 0.0, 0.0, 0.0, 0.0, 0.0, 0.0, 0.0, 0.0, 0.0, 0.0, 0.0, 0.0, 0.0, 0.0, 0.0, 0.0, 0.0, 0.0, 0.0, 0.0, 0.0, 0.0, 0.0, 0.0, 0.0, 0.0, 0.0, 1.0], "bins": [-0.009365102276206017, -0.009248493239283562, -0.009131883271038532, -0.009015274234116077, -0.008898664265871048, -0.008782055228948593, -0.008665445260703564, -0.008548836223781109, -0.00843222625553608, -0.008315617218613625, -0.008199007250368595, -0.00808239821344614, -0.00796578824520111, -0.007849179208278656, -0.007732569705694914, -0.007615960203111172, -0.00749935070052743, -0.0073827411979436874, -0.007266131695359945, -0.007149522192776203, -0.007032912690192461, -0.006916303187608719, -0.006799693685024977, -0.006683084182441235, -0.0065664746798574924, -0.00644986517727375, -0.006333255674690008, -0.006216646172106266, -0.006100037135183811, -0.005983427166938782, -0.005866818130016327, -0.0057502081617712975, -0.005633599124848843, -0.0055169896222651005, -0.005400380119681358, -0.005283770617097616, -0.005167161114513874, -0.005050551611930132, -0.00493394210934639, -0.004817332606762648, -0.0047007231041789055, -0.004584113601595163, -0.004467504099011421, -0.004350894596427679, -0.004234285093843937, -0.004117675591260195, -0.004001066088676453, -0.0038844565860927105, -0.003767847316339612, -0.00365123781375587, -0.0035346283111721277, -0.0034180190414190292, -0.003301409538835287, -0.003184800036251545, -0.003068190533667803, -0.0029515810310840607, -0.0028349715285003185, -0.0027183620259165764, -0.0026017525233328342, -0.002485143020749092, -0.00236853351816535, -0.002251924015581608, -0.0021353145129978657, -0.0020187050104141235, -0.0019020956242457032]}, "gradients/layer2.weight": {"_type": "histogram", "values": [1.0, 1.0, 0.0, 0.0, 4.0, 0.0, 2.0, 2.0, 0.0, 4.0, 5.0, 6.0, 12.0, 13.0, 19.0, 22.0, 21.0, 33.0, 47.0, 50.0, 49.0, 80.0, 81.0, 87.0, 95.0, 119.0, 129.0, 110.0, 123.0, 169.0, 151.0, 163.0, 206.0, 212.0, 274.0, 341.0, 380.0, 450.0, 516.0, 536.0, 586.0, 843.0, 7364.0, 733.0, 612.0, 526.0, 404.0, 283.0, 187.0, 117.0, 60.0, 36.0, 24.0, 23.0, 18.0, 20.0, 8.0, 10.0, 6.0, 6.0, 1.0, 1.0, 1.0, 2.0], "bins": [-0.0011973506771028042, -0.0011690242681652308, -0.0011406978592276573, -0.0011123714502900839, -0.0010840449249371886, -0.0010557185159996152, -0.0010273921070620418, -0.0009990656981244683, -0.000970739230979234, -0.0009424128220416605, -0.0009140863548964262, -0.0008857599459588528, -0.0008574335370212793, -0.0008291071280837059, -0.0008007806609384716, -0.0007724542520008981, -0.0007441277848556638, -0.0007158013759180903, -0.0006874749669805169, -0.0006591484998352826, -0.0006308220908977091, -0.0006024956819601357, -0.0005741692148149014, -0.0005458428058773279, -0.0005175163969397545, -0.0004891899297945201, -0.0004608635208569467, -0.0004325371119193733, -0.00040421064477413893, -0.0003758842358365655, -0.00034755782689899206, -0.0003192313597537577, -0.0002909049508161843, -0.00026257854187861085, -0.0002342520747333765, -0.00020592566579580307, -0.00017759925685822964, -0.0001492727897129953, -0.00012094638077542186, -9.261997183784842e-05, -6.429350469261408e-05, -3.5967095755040646e-05, -7.640686817467213e-06, 2.0685780327767134e-05, 4.901218926534057e-05, 7.7338598202914e-05, 0.00010566506534814835, 0.00013399147428572178, 0.00016231791232712567, 0.00019064435036852956, 0.000218970759306103, 0.0002472971973475069, 0.00027562363538891077, 0.0003039500443264842, 0.0003322764823678881, 0.000360602920409292, 0.0003889293293468654, 0.0004172557673882693, 0.0004455822054296732, 0.00047390861436724663, 0.000502235081512481, 0.0005305614904500544, 0.0005588878993876278, 0.0005872143665328622, 0.0006155407754704356]}, "gradients/layer2.bias": {"_type": "histogram", "values": [1.0, 0.0, 0.0, 0.0, 2.0, 1.0, 2.0, 1.0, 1.0, 1.0, 0.0, 3.0, 2.0, 2.0, 3.0, 3.0, 4.0, 1.0, 2.0, 2.0, 4.0, 3.0, 2.0, 1.0, 4.0, 4.0, 4.0, 1.0, 1.0, 0.0, 2.0, 3.0, 0.0, 1.0, 0.0, 0.0, 0.0, 1.0, 3.0, 3.0, 1.0, 0.0, 0.0, 2.0, 0.0, 2.0, 35.0, 1.0, 1.0, 4.0, 5.0, 2.0, 1.0, 3.0, 0.0, 0.0, 0.0, 0.0, 0.0, 1.0, 0.0, 1.0, 0.0, 1.0], "bins": [-0.0015633273869752884, -0.0015299873193725944, -0.0014966473681852221, -0.0014633073005825281, -0.001429967232979834, -0.0013966272817924619, -0.0013632872141897678, -0.0013299471465870738, -0.0012966071953997016, -0.0012632671277970076, -0.0012299271766096354, -0.0011965871090069413, -0.0011632470414042473, -0.001129907090216875, -0.001096567022614181, -0.001063226955011487, -0.0010298870038241148, -0.0009965469362214208, -0.0009632068686187267, -0.0009298668592236936, -0.0008965268498286605, -0.0008631867822259665, -0.0008298467728309333, -0.0007965067634359002, -0.0007631666958332062, -0.0007298266864381731, -0.0006964866770431399, -0.0006631466676481068, -0.0006298066000454128, -0.0005964665906503797, -0.0005631265230476856, -0.0005297865718603134, -0.0004964465624652803, -0.00046310649486258626, -0.00042976654367521405, -0.00039642647607252, -0.0003630864666774869, -0.00032974639907479286, -0.00029640638967975974, -0.0002630663802847266, -0.0002297263708896935, -0.00019638630328699946, -0.00016304629389196634, -0.00012970628449693322, -9.636621689423919e-05, -6.302620749920607e-05, -2.9686198104172945e-05, 3.6538694985210896e-06, 3.699387889355421e-05, 7.033388828858733e-05, 0.00010367392678745091, 0.0001370139652863145, 0.0001703539746813476, 0.00020369401318021119, 0.00023703405167907476, 0.0002703740610741079, 0.00030371409957297146, 0.00033705413807183504, 0.00037039414746686816, 0.00040373418596573174, 0.0004370742244645953, 0.00047041423385962844, 0.0005037542432546616, 0.0005370943108573556, 0.0005704343202523887]}, "gradients/layer1.weight": {"_type": "histogram",