{"episode_duration": 34, "_timestamp": 1712191585.387423, "_runtime": 20308.39756011963, "_step": 1901, "gradients/layer3.weight": {"_type": "histogram", "values": [4.0, 0.0, 0.0, 1.0, 0.0, 0.0, 0.0, 0.0, 0.0, 0.0, 0.0, 0.0, 0.0, 0.0, 0.0, 0.0, 0.0, 0.0, 0.0, 0.0, 0.0, 0.0, 0.0, 0.0, 0.0, 0.0, 1.0, 0.0, 5.0, 4.0, 5.0, 19.0, 0.0, 19.0, 31.0, 0.0, 41.0, 5.0, 2.0, 9.0, 2.0, 0.0, 3.0, 14.0, 4.0, 3.0, 6.0, 6.0, 1.0, 4.0, 1.0, 2.0, 0.0, 4.0, 2.0, 0.0, 28.0, 2.0, 1.0, 10.0, 0.0, 1.0, 14.0, 2.0], "bins": [-0.009738924913108349, -0.009474256075918674, -0.009209588170051575, -0.0089449193328619, -0.008680250495672226, -0.008415582589805126, -0.008150913752615452, -0.007886245846748352, -0.007621577009558678, -0.007356908638030291, -0.0070922402665019035, -0.006827571429312229, -0.006562903057783842, -0.006298234686255455, -0.006033565849065781, -0.005768897477537394, -0.0055042291060090065, -0.005239560734480619, -0.004974892362952232, -0.004710223525762558, -0.004445555154234171, -0.004180886782705784, -0.0039162179455161095, -0.0036515495739877224, -0.0033868812024593353, -0.0031222128309309483, -0.002857544459402561, -0.002592875622212887, -0.0023282072506844997, -0.0020635388791561127, -0.0017988700419664383, -0.0015342021360993385, -0.0012695323675870895, -0.0010048635303974152, -0.0007401956245303154, -0.000475526787340641, -0.00021085841581225395, 5.380995571613312e-05, 0.0003184787929058075, 0.0005831471644341946, 0.0008478155359625816, 0.0011124839074909687, 0.0013771522790193558, 0.0016418211162090302, 0.0019064894877374172, 0.0021711578592658043, 0.0024358266964554787, 0.0027004950679838657, 0.002965163439512253, 0.00322983181104064, 0.0034945004153996706, 0.0037591690197587013, 0.004023837391287088, 0.0042885057628154755, 0.00455317460000515, 0.004817842971533537, 0.005082511343061924, 0.005347179714590311, 0.005611848086118698, 0.0058765169233083725, 0.00614118529483676, 0.006405853666365147, 0.006670522503554821, 0.006935190875083208, 0.007199859246611595]}, "gradients/layer3.bias": {"_type": "histogram", "values": [1.0, 0.0, 0.0, 0.0, 0.0, 0.0, 0.0, 0.0, 0.0, 0.0, 0.0, 0.0, 0.0, 0.0, 0.0, 0.0, 0.0, 0.0, 0.0, 0.0, 0.0, 0.0, 0.0, 0.0, 0.0, 0.0, 0.0, 0.0, 0.0, 0.0, 0.0, 0.0, 0.0, 0.0, 0.0, 0.0, 0.0, 0.0, 0.0, 0.0, 0.0, 0.0, 0.0, 0.0, 0.0, 0.0, 0.0, 0.0, 0.0, 0.0, 0.0, 0.0, 0.0, 0.0, 0.0, 0.0, 0.0, 0.0, 0.0, 0.0, 0.0, 0.0, 0.0, 1.0], "bins": [-0.009738924913108349, -0.00947942491620779, -0.009219924919307232, -0.008960424922406673, -0.00870092585682869, -0.008441425859928131, -0.008181925863027573, -0.007922425866127014, -0.007662925869226456, -0.007403425872325897, -0.007143925875425339, -0.006884426344186068, -0.006624926347285509, -0.006365426350384951, -0.0061059268191456795, -0.005846426822245121, -0.0055869268253445625, -0.005327426828444004, -0.005067926831543446, -0.004808427300304174, -0.004548927303403616, -0.0042894273065030575, -0.004029927775263786, -0.003770427778363228, -0.0035109277814626694, -0.003251427784562111, -0.0029919277876615524, -0.0027324282564222813, -0.002472928259521723, -0.0022134282626211643, -0.001953928731381893, -0.0016944287344813347, -0.0014349278062582016, -0.0011754278093576431, -0.0009159278124570847, -0.0006564282812178135, -0.000396928284317255, -0.00013742828741669655, 0.00012207124382257462, 0.0003815712407231331, 0.0006410712376236916, 0.00090057123452425, 0.0011600712314248085, 0.0014195707626640797, 0.0016790707595646381, 0.0019385707564651966, 0.0021980702877044678, 0.0024575702846050262, 0.0027170702815055847, 0.002976570278406143, 0.003236070042476058, 0.003495569806545973, 0.0037550698034465313, 0.00401456980034709, 0.004274069331586361, 0.004533569328486919, 0.004793069325387478, 0.005052569322288036, 0.005312069319188595, 0.005571568850427866, 0.0058310688473284245, 0.006090568844228983, 0.006350068375468254, 0.0066095683723688126, 0.006869068369269371]}, "gradients/lif2.beta": {"_type": "histogram", "values": [1.0, 0.0, 0.0, 0.0, 0.0, 0.0, 0.0, 0.0, 0.0, 0.0, 0.0, 0.0, 0.0, 0.0, 0.0, 0.0, 1.0, 0.0, 0.0, 1.0, 0.0, 2.0, 1.0, 1.0, 0.0, 5.0, 6.0, 16.0, 77.0, 4.0, 4.0, 1.0, 1.0, 2.0, 0.0, 1.0, 0.0, 1.0, 0.0, 1.0, 0.0, 0.0, 0.0, 0.0, 0.0, 1.0, 0.0, 0.0, 0.0, 0.0, 0.0, 0.0, 0.0, 0.0, 0.0, 0.0, 0.0, 0.0, 0.0, 0.0, 0.0, 0.0, 0.0, 1.0], "bins": [-0.015434117056429386, -0.014887645840644836, -0.014341174624860287, -0.013794703409075737, -0.013248231261968613, -0.012701760977506638, -0.012155288830399513, -0.011608817614614964, -0.011062346398830414, -0.010515875183045864, -0.009969403967261314, -0.00942293182015419, -0.008876461535692215, -0.00832998938858509, -0.007783518172800541, -0.007237046957015991, -0.0066905757412314415, -0.006144104525446892, -0.005597633309662342, -0.005051162093877792, -0.004504690878093243, -0.003958218730986118, -0.0034117475152015686, -0.002865276299417019, -0.002318805083632469, -0.0017723338678479195, -0.0012258626520633698, -0.00067939143627882, -0.0001329192891716957, 0.0004135509952902794, 0.0009600231423974037, 0.0015064934268593788, 0.0020529646426439285, 0.002599436789751053, 0.003145907074213028, 0.0036923792213201523, 0.004238849505782127, 0.004785321652889252, 0.005331792868673801, 0.005878264084458351, 0.006424735300242901, 0.0069712065160274506, 0.007517677731812, 0.00806414894759655, 0.008610621094703674, 0.009157092310488224, 0.009703563526272774, 0.010250034742057323, 0.010796505957841873, 0.011342977173626423, 0.011889448389410973, 0.012435920536518097, 0.012982390820980072, 0.013528862968087196, 0.014075334183871746, 0.014621805399656296, 0.015168276615440845, 0.015714747831225395, 0.01626121997833252, 0.016807690262794495, 0.01735416240990162, 0.017900632694363594, 0.01844710484147072, 0.018993575125932693, 0.019540047273039818]}, "gradients/layer2.weight": {"_type": "histogram", "values": [2.0, 0.0, 1.0, 4.0, 0.0, 0.0, 1.0, 1.0, 2.0, 1.0, 0.0, 4.0, 0.0, 4.0, 3.0, 5.0, 9.0, 8.0, 6.0, 4.0, 7.0, 6.0, 12.0, 15.0, 17.0, 21.0, 31.0, 45.0, 83.0, 70.0, 167.0, 346.0, 13638.0, 763.0, 325.0, 188.0, 153.0, 99.0, 79.0, 59.0, 40.0, 35.0, 15.0, 20.0, 24.0, 17.0, 8.0, 17.0, 3.0, 6.0, 6.0, 0.0, 0.0, 1.0, 2.0, 1.0, 3.0, 1.0, 0.0, 3.0, 1.0, 0.0, 0.0, 2.0], "bins": [-0.007103633135557175, -0.0068846214562654495, -0.006665609776973724, -0.006446598097681999, -0.006227586418390274, -0.006008574739098549, -0.005789563525468111, -0.005570551846176386, -0.005351540166884661, -0.0051325284875929356, -0.00491351680830121, -0.0046945055946707726, -0.004475493915379047, -0.004256482236087322, -0.004037470556795597, -0.003818458877503872, -0.0035994471982121468, -0.0033804355189204216, -0.0031614238396286964, -0.0029424121603369713, -0.002723400481045246, -0.0025043892674148083, -0.002285377588123083, -0.002066365908831358, -0.0018473542295396328, -0.0016283425502479076, -0.0014093308709561825, -0.0011903191916644573, -0.0009713079780340195, -0.0007522962987422943, -0.0005332846194505692, -0.000314272940158844, -9.526079520583153e-05, 0.00012375088408589363, 0.0003427625633776188, 0.000561774242669344, 0.0007807859219610691, 0.000999797135591507, 0.0012188088148832321, 0.0014378204941749573, 0.0016568321734666824, 0.0018758438527584076, 0.0020948555320501328, 0.002313867211341858, 0.0025328784249722958, 0.002751890104264021, 0.002970901783555746, 0.0031899134628474712, 0.0034089251421391964, 0.0036279368214309216, 0.0038469485007226467, 0.0040659597143530846, 0.00428497139364481, 0.004503983072936535, 0.00472299475222826, 0.004942006431519985, 0.00516101811081171, 0.0053800297901034355, 0.005599041469395161, 0.005818053148686886, 0.006037064827978611, 0.006256076041609049, 0.006475087720900774, 0.006694099400192499, 0.006913111079484224]}, "gradients/layer2.bias": {"_type": "histogram",